video_id,total_comments,avg_likes_per_comment,total_likes,max_likes_per_comment,avg_comment_length,median_comment_length,avg_word_count,median_word_count,comments_with_mentions,comments_with_hashtags,comments_with_urls,total_replies,reply_comments_count
-46Vyiwat_Y,30,2947.2,88416,43538,60.27,45.0,10.5,7.5,10,0,1,223,25
-6YiD77uWD8,7,3.0,21,9,90.71,69.0,18.43,13.0,1,0,0,0,0
-7Sl5cnxMxw,30,99.97,2999,1035,57.1,48.5,11.0,10.0,2,0,0,18,13
-8VOMX5JYoQ,30,68.9,2067,681,110.17,60.5,20.03,11.0,5,0,0,23,18
-ZscZv-IMyI,30,166.3,4989,2359,186.83,134.5,32.77,23.0,2,0,1,57,20
-dw8fYgBK1I,11,2.36,26,14,63.18,51.0,12.64,11.0,1,0,0,4,4
-evuAUsB0mo,5,0.8,4,2,42.6,34.0,9.0,7.0,0,0,0,0,0
-hzWbMy0CBg,30,48.17,1445,852,92.47,56.0,16.83,10.5,2,0,1,43,22
-lzlQCtT1rU,30,8.07,242,96,41.1,35.0,7.73,6.5,0,0,0,0,0
-m7DLiFH-CE,30,14.77,443,150,96.57,87.5,17.7,16.0,0,0,0,11,10
-mSBv-BLv6M,6,4.17,25,15,117.67,108.5,22.83,20.5,0,0,0,1,1
-r2SH6EH5eY,30,41.53,1246,509,161.4,106.5,28.9,18.0,3,0,1,25,18
-rbbOf5upaU,30,47.4,1422,1076,94.2,79.0,17.47,15.0,2,0,0,39,7
-rrYftR8UeA,10,2.8,28,17,142.5,102.0,26.7,18.0,0,0,0,0,0
-rzB-xeYZJI,30,10.0,300,120,44.27,29.5,8.17,6.0,1,0,0,14,13
-ycyXg3s4gs,28,0.89,25,7,79.18,57.5,15.39,12.0,1,1,0,5,5
0-KLzTzLk0E,30,4.47,134,38,69.33,51.5,13.5,11.0,2,0,0,6,6
06aaT3kZdkE,30,11.3,339,82,212.97,148.0,40.53,30.0,3,0,0,18,13
0E9ZcyCpMIs,30,17.63,529,213,269.53,226.0,49.23,41.0,1,0,0,46,7
0EJF8dRNLyQ,30,6.8,204,71,71.37,54.0,13.13,10.0,2,0,1,11,10
0K1nA46Bink,30,10.4,312,137,47.07,41.0,8.93,8.0,2,0,0,10,10
0Mzj2i7Z8uE,30,720.27,21608,6825,34.6,27.0,6.43,4.5,0,0,0,89,24
0VjvUUHsuYs,30,83.0,2490,710,112.17,84.0,20.8,16.5,3,0,1,20,16
0duNfnP8Z50,30,51.07,1532,556,123.6,57.5,22.5,9.0,0,1,0,21,17
0hK9eFWorEU,30,7.33,220,60,61.37,44.0,11.17,7.0,2,0,1,9,9
0iaU9VZXKUQ,30,27.37,821,304,176.53,147.5,32.03,26.5,5,0,1,26,19
0l5tcF6Rao0,30,336.57,10097,3093,100.03,39.5,18.13,7.5,6,0,1,44,24
0mE919RsXOc,10,1.7,17,4,74.9,40.0,13.7,8.5,0,0,0,1,1
0rkRC728rIU,30,151.23,4537,2743,122.67,91.5,22.7,17.5,6,0,0,63,23
1-6H_Xq9XjI,7,0.71,5,3,137.86,44.0,25.43,8.0,0,0,0,0,0
15lyO5qmtg0,30,42.5,1275,420,97.4,93.5,17.53,16.5,5,0,1,20,15
19pxHEcEa6I,14,13.14,184,137,61.14,49.0,11.29,9.0,3,0,0,5,5
1ArVtCQqQRE,30,2041.37,61241,33726,58.23,52.5,10.9,9.0,2,0,1,661,24
1EyBVAwasHk,30,47.17,1415,713,97.6,73.5,16.8,13.0,10,0,0,33,21
1G2ltEiSYBw,30,17.2,516,145,221.93,171.5,39.43,29.5,0,0,1,8,8
1K-yiSBN8p4,14,7.0,98,35,92.93,78.0,14.93,15.0,3,0,1,6,6
1XsEZn5xlno,29,4.38,127,47,76.31,50.0,13.72,10.0,0,0,1,1,1
1ZPiBcz3nSc,30,19.83,595,203,66.9,45.5,12.43,8.0,5,0,1,23,11
1dIU1YhZX94,30,23.97,719,231,278.13,124.0,50.57,22.5,0,0,0,16,14
1gS5v6EMaSc,30,210.83,6325,3601,101.0,83.0,18.27,15.5,3,0,1,62,24
1lMCGdVAgGQ,30,78.13,2344,1286,129.3,62.0,23.77,10.0,8,0,0,34,20
1s3QPW3raN0,30,9.23,277,132,75.73,55.5,13.5,10.0,0,0,1,10,10
1tosGFzwQHo,30,43.4,1302,540,51.13,31.5,9.1,5.5,5,0,1,23,16
1wLNDHVQxU4,5,1.6,8,5,59.0,23.0,10.6,4.0,0,0,0,1,1
2BgZSxMu5oI,28,1.18,33,9,103.21,78.0,20.25,14.5,4,0,0,8,8
2LR8N2ko6a8,30,24.07,722,260,70.97,62.5,13.3,11.0,3,0,0,15,14
2nBlXHXlvto,10,4.7,47,28,35.5,28.0,7.3,5.0,1,0,0,3,3
3-11fooOoLM,18,6.22,112,39,102.56,51.5,19.28,9.5,0,0,0,5,5
34ehGQMt5l4,16,1.38,22,5,67.25,47.5,13.25,9.0,0,0,0,0,0
38h0Zuw3cv4,30,11.07,332,170,62.43,44.5,10.53,8.0,3,0,1,8,6
3D4JB8LzBC8,30,362.0,10860,4287,93.5,49.0,16.7,8.5,7,0,0,56,23
3JTknUk8YIE,30,54.63,1639,802,93.53,61.0,17.17,11.0,2,0,0,12,11
3KLE_xwbGqg,30,66.5,1995,811,142.23,81.5,23.87,15.0,4,0,1,26,20
3LXUVa4ugwc,30,123.8,3714,1671,74.03,62.0,13.4,11.0,2,0,1,37,19
3NdH1pdQVhE,30,510.27,15308,6477,71.43,43.5,13.33,8.5,2,0,1,57,24
3Uuwe4BxYJE,24,9.92,238,160,76.75,65.5,14.12,12.0,3,0,0,10,10
3Y8VXWUIcaw,7,1.43,10,7,84.71,57.0,16.86,10.0,0,0,0,0,0
3bamBYQS8io,30,9.6,288,92,199.53,114.5,36.6,21.5,0,0,1,7,7
3monI2ExCJU,30,45.6,1368,1001,196.83,177.5,35.77,33.5,2,0,0,20,11
3rCj_u5mmtE,6,1.17,7,6,103.17,27.0,20.83,5.5,0,0,0,0,0
3r_jpt04M68,28,3.43,96,42,88.32,48.0,15.96,9.0,0,0,1,3,3
3wuVuqgu45M,20,4.25,85,50,43.6,27.0,8.35,5.5,0,0,0,2,2
41CbOHhx8b8,11,3.82,42,25,98.82,79.0,18.91,15.0,1,0,0,4,4
43swgRhxbmk,30,22.37,671,179,223.97,166.0,40.07,28.5,0,0,0,7,7
47pP4Y9J_h4,20,2.75,55,13,86.4,76.5,15.75,14.0,0,0,1,2,2
4LN1eqJcTaU,26,3.5,91,43,129.69,89.0,23.31,16.0,0,0,0,6,6
4QtYOmblLOY,30,40.13,1204,288,114.97,90.0,20.67,15.5,8,0,0,21,14
4V2ZwgJw62I,30,86.53,2596,685,164.13,108.5,29.53,20.0,6,0,1,35,18
4aYVLpY5FYU,30,96.87,2906,1932,159.43,98.5,29.83,17.5,3,1,2,58,15
4cYeHxVLqZ8,14,3.5,49,16,75.93,78.0,13.57,12.5,0,0,0,2,2
4dC80qM-vck,12,2.92,35,15,137.75,128.0,26.75,24.5,0,0,1,0,0
4f7iiu5ck8U,30,233.23,6997,2276,107.07,58.0,20.13,11.0,3,0,0,65,21
4mTfkDkIo4s,30,24.87,746,212,53.03,42.5,8.83,7.5,1,0,1,18,18
4okyc5CQYfU,8,4.88,39,29,41.75,41.0,7.75,8.0,0,0,0,0,0
5-YXQ9LcEjQ,30,65.7,1971,1039,101.8,74.0,18.0,12.5,3,0,0,29,18
5791L8VEHZw,30,139.67,4190,1136,63.83,40.0,11.63,7.5,2,0,1,41,21
58BHUsD24vs,30,39.13,1174,599,141.1,65.0,25.33,13.0,2,0,1,22,17
5FPuHYY7VPc,30,24.0,720,224,205.37,172.0,37.97,31.5,0,0,0,2,2
5FgvGQXfV10,30,486.6,14598,5750,48.67,34.5,8.3,4.5,3,1,0,88,23
5JTNftIJxl4,5,0.4,2,2,121.2,62.0,22.2,13.0,2,0,0,3,3
5Nin1OtjOlU,30,447.33,13420,6322,151.97,91.5,27.67,17.0,8,0,1,90,24
5Rqiba5mqLk,30,58.43,1753,543,402.33,83.0,75.0,16.0,4,0,1,44,24
5ZuUYititDU,30,90.93,2728,1530,72.3,44.0,13.07,7.5,3,0,0,42,19
5bJ1aKd7xL8,30,9.33,280,86,38.2,28.0,7.47,5.5,1,0,0,12,12
5gT0x0EO9_8,30,98.23,2947,1907,80.67,60.5,14.07,10.0,2,0,1,68,14
5k3uMaJN4IU,7,2.86,20,6,153.29,40.0,27.71,8.0,0,0,0,0,0
5sKPaDmcJH0,30,138.6,4158,1171,50.57,36.0,9.47,7.0,5,0,2,39,24
5tEPfbrHRl4,30,18.87,566,260,57.2,56.5,10.17,11.0,3,0,1,9,6
5wDfRwAmIVY,30,268.37,8051,2131,58.23,44.5,10.07,7.0,9,0,0,52,22
5xGGVv60rq8,30,2.63,79,32,58.9,43.5,11.2,8.5,2,0,0,6,6
66G7TnkdMd8,30,19.53,586,143,138.47,95.0,24.63,17.0,1,0,0,7,7
6Dvkq5yAvcA,30,64.53,1936,712,195.73,88.5,36.63,17.5,3,1,0,23,18
6Fa5f9_4Oi4,30,61.47,1844,774,81.27,70.0,14.33,11.5,3,0,0,22,15
6Mo7xB4SNsc,17,3.41,58,24,115.12,71.0,21.35,12.0,0,0,0,2,2
6P5zJv5qzxU,18,4.11,74,42,70.28,34.0,13.5,8.0,1,0,0,3,3
6T-mgthXWzM,30,18.73,562,284,185.97,128.5,34.0,26.0,0,1,1,9,9
6cSI6b6qPSg,7,1.0,7,5,18.71,15.0,4.0,3.0,0,0,0,2,2
6cXQ6zk0Nrk,30,94.97,2849,1290,135.1,66.0,25.17,11.0,6,0,0,60,17
6ltK8OaFyy4,30,5.23,157,67,144.3,105.0,26.23,21.0,0,0,0,1,1
6m5vC3o2tRQ,30,939.17,28175,13592,65.2,32.5,11.23,6.0,6,0,1,150,25
6o2tm00Ar8A,30,574.23,17227,7645,100.57,76.0,17.33,12.5,6,0,1,123,24
6vz3ift4RAM,30,46.07,1382,742,84.8,88.5,15.17,15.0,3,0,1,9,7
6x1i0K4Eg1g,30,46.57,1397,629,91.13,70.5,16.2,11.5,3,0,1,22,17
76yqErAib5g,30,711.37,21341,15691,107.6,52.0,18.9,9.5,5,0,1,238,24
7APfFjfnNBc,30,26.0,780,222,65.13,53.0,12.43,10.0,3,0,0,23,12
7P6RArpBwDk,30,44.33,1330,567,100.2,103.0,18.6,16.5,5,0,1,28,19
7dJKP9Qt8JU,30,6.33,190,92,61.8,53.5,11.23,9.5,1,0,1,7,7
7ftghLnesZ8,13,2.38,31,6,70.54,56.0,12.92,9.0,1,0,1,3,3
7hVqxhZaxtk,30,69.5,2085,510,135.2,63.0,24.27,12.5,5,0,1,25,19
7m0p8EFy3Pw,30,572.83,17185,12761,152.8,67.0,26.6,8.5,6,0,2,89,21
7msJtKR0lH4,18,1.5,27,8,59.78,38.0,11.39,7.5,0,0,1,2,2
7rAxyujhNz0,21,2.29,48,13,97.52,58.0,19.48,12.0,3,0,1,7,7
7zG1b49aCGI,30,2.07,62,18,82.0,41.0,16.17,8.0,0,0,0,3,3
8-WiFvM15-0,30,26.03,781,324,103.53,75.5,18.8,14.0,5,0,1,48,19
8-edcK66xZM,24,1.0,24,7,123.12,95.5,22.71,17.0,0,0,0,9,9
80rugVXQzes,30,200.23,6007,2278,77.8,54.5,13.67,10.5,10,0,0,53,23
85qmJl7RlxA,11,2.09,23,8,106.73,79.0,20.09,11.0,0,0,1,2,2
86gx9bKQheM,30,14.67,440,136,67.2,48.5,12.07,9.5,0,0,0,4,4
8BZMuF5uV_w,30,18.4,552,248,69.3,51.5,12.73,10.0,2,0,0,7,7
8B_O04IdW9M,30,34.07,1022,421,147.47,77.0,27.17,15.5,2,0,1,11,11
8GMYKZN0CTY,30,46.47,1394,617,63.87,39.5,11.13,7.5,2,0,1,24,19
8LOB92gjgww,9,6.33,57,31,116.22,73.0,21.89,15.0,0,0,1,3,3
8NBhJy_GopM,30,91.43,2743,1015,208.0,76.0,36.93,12.5,2,0,2,47,24
8ZvbInUxCXU,30,16.63,499,470,92.47,100.0,16.53,17.0,1,0,1,4,4
8bEcHONK91I,13,2.0,26,7,115.08,65.0,19.62,11.0,0,0,1,1,1
8eIeyZZUEp8,8,3.88,31,20,177.0,85.0,32.62,14.0,0,0,0,2,2
8lhSb5libHY,30,19.0,570,139,377.83,254.0,68.37,42.5,0,3,0,6,6
8tKuviI68Ss,30,151.4,4542,1504,117.9,101.0,20.87,17.0,6,1,1,67,25
8u0RK3L0D64,30,207.63,6229,1755,113.17,65.0,21.27,12.5,0,0,1,49,24
8urzOH10LEM,30,27.47,824,283,169.8,102.5,30.63,17.5,6,0,1,26,18
8x30UHGJAEc,20,4.35,87,43,89.1,49.0,16.15,10.5,0,0,1,9,9
8zaKVFC9Eu4,30,39.43,1183,309,131.07,99.0,24.23,18.0,2,0,1,25,19
94emc6eqllE,30,167.93,5038,2598,91.6,58.0,16.6,11.0,4,0,1,29,21
96McQ3PHU7A,30,177.47,5324,1657,81.93,41.5,14.77,7.5,2,0,1,30,22
9AvXE3qdPSo,30,17.17,515,145,112.03,99.5,19.8,16.5,0,0,0,0,0
9DH4pAg1qaQ,30,27.67,830,248,103.2,81.5,18.8,14.5,3,1,3,37,22
9ODYbpotwis,11,3.27,36,20,74.55,41.0,11.55,7.0,0,0,1,1,1
9QbC5Xk_1I8,30,158.33,4750,2512,91.27,65.0,17.17,12.0,3,0,1,56,25
9VXC9fWQ_aI,30,123.1,3693,2340,162.53,62.5,30.8,12.5,9,0,1,34,24
9awCB59ZHPs,30,8.27,248,115,96.57,27.5,16.8,6.0,2,0,1,14,12
9otYs7w7DBY,30,48.2,1446,446,92.17,58.5,17.3,10.0,2,0,1,28,17
9s7AXw7o76Q,30,228.13,6844,1785,52.9,43.0,8.87,6.0,1,0,0,30,22
9yx_WEcFkH0,21,3.95,83,50,84.81,80.0,15.57,15.0,1,0,1,3,3
A4ya80m9L6M,30,17.03,511,241,78.27,63.0,15.03,12.0,1,0,0,4,4
AAnIrWVVFsM,9,1.44,13,5,21.67,16.0,4.33,3.0,0,0,0,1,1
ABED1GjTUrk,30,10.53,316,108,147.23,101.0,27.27,18.0,1,0,0,10,10
ABEgnU59CFU,30,22.5,675,406,95.1,72.5,17.13,13.5,1,0,1,17,11
AECP5NsWRkE,30,14.57,437,142,138.4,104.0,23.77,18.5,3,0,1,18,17
AGqq5Cg4Cl4,30,13.2,396,136,97.47,71.0,18.63,14.0,2,0,0,11,10
ALxz505dSZM,30,10.07,302,150,95.83,69.5,18.47,12.5,5,0,0,21,16
AS1m0lmtDQI,30,66.07,1982,805,359.4,110.5,63.63,18.5,5,0,0,42,21
AXrVBv3gM_Q,5,1.8,9,7,28.0,13.0,4.8,2.0,0,0,0,0,0
AfiKro4KSBo,15,3.47,52,33,66.73,45.0,13.4,10.0,0,0,0,1,1
AjoxkxM_I5g,30,1040.03,31201,16231,58.8,31.0,10.1,6.0,1,1,1,264,25
An01rTZjCKc,30,9.97,299,113,62.17,41.0,10.77,7.0,2,0,1,3,3
ApxfXp1UwXE,6,4.33,26,14,61.33,44.0,11.83,8.5,0,0,0,0,0
Ar5Qto5B3hk,13,1.85,24,8,230.77,104.0,40.69,20.0,0,0,1,3,3
AriiQaEWyI8,30,20.2,606,255,244.3,189.5,45.63,37.0,1,0,0,50,19
AtfoKoiIW-s,30,54.13,1624,673,293.27,82.5,53.77,15.0,7,0,1,29,18
AuORG4zFcXw,30,4.53,136,28,149.1,94.5,27.37,18.0,4,0,0,12,12
AvKGYyowFK4,30,148.47,4454,1256,138.73,110.5,24.6,20.5,3,0,1,31,15
B1Zm6TGsFXk,30,57.2,1716,718,81.13,40.0,14.8,7.0,2,0,1,22,18
B3SzomHi6cU,3,1.33,4,4,353.0,225.0,69.0,45.0,0,0,0,0,0
B4RSD5vahTU,30,22.5,675,194,190.47,144.5,36.33,27.5,5,0,0,22,17
B4U7vNtXBTI,30,51.8,1554,333,196.83,124.0,36.73,21.0,2,0,1,27,20
B58mAePXYbo,30,33.4,1002,348,154.77,92.5,28.13,16.0,1,0,0,17,15
B7SNUIq6j1w,3,2.33,7,6,40.67,32.0,8.67,7.0,0,0,0,1,1
BBAuhqvT_ds,30,424.63,12739,5731,403.07,94.5,73.37,17.0,0,0,1,110,23
BCWfXWVVsKo,30,267.83,8035,2212,63.77,38.5,11.97,7.5,2,0,0,73,24
BT5Dnr994x4,11,7.09,78,26,180.91,117.0,32.18,20.0,0,0,0,2,2
Bf4Hs5E9eNg,30,82.63,2479,905,151.73,95.0,27.13,18.0,3,0,0,31,24
BgVIAGA4wmQ,30,8.63,259,104,66.53,47.5,12.5,8.5,2,0,1,11,10
BiB9k4JkxY0,30,4.67,140,75,95.07,55.5,17.7,13.0,2,0,1,5,5
Bmxjb3qThWI,15,2.73,41,17,141.0,134.0,25.33,26.0,0,0,0,4,4
BmznD0BNCzE,30,300.1,9003,3606,79.2,58.0,14.6,11.0,7,0,0,112,22
BpLOu3sv-Jw,30,22.77,683,261,133.67,122.5,25.13,24.5,0,0,0,5,5
Bry8a_7b9aM,30,159.4,4782,1626,99.73,53.0,18.07,10.0,2,0,1,46,22
BsLC5eIjcag,30,348.83,10465,5227,98.3,48.0,17.17,9.0,6,1,0,42,22
C0syvUws1ps,30,87.9,2637,1043,98.87,49.0,17.77,10.0,2,0,1,37,22
C8RWt0o_2TE,30,25.67,770,306,179.9,120.5,32.23,22.0,0,0,1,14,13
CCzBoNeBKXc,8,2.75,22,12,79.25,68.5,15.0,14.0,0,0,0,0,0
CEfcYQoRt0s,12,2.5,30,10,60.0,47.5,11.83,9.0,0,0,1,0,0
CFN1uO1g3ls,30,216.87,6506,1730,49.5,34.5,9.17,6.5,4,0,0,95,23
COhm-736828,30,57.4,1722,829,232.07,141.0,39.97,24.5,7,0,1,112,22
COrG9AOjLow,18,1.28,23,7,81.39,54.0,15.94,10.5,0,0,0,4,4
CUPe_TZECQQ,30,34.1,1023,588,106.23,97.0,19.0,17.5,2,0,1,16,12
CZI5uBumcgg,30,55.83,1675,301,65.7,60.5,12.3,12.0,4,0,0,24,18
CaOkjR3zVcI,22,0.64,14,6,57.86,40.0,11.23,7.5,0,0,1,4,4
CcK2Xe9BcUk,30,11.13,334,146,92.07,56.5,17.03,10.5,1,0,1,6,6
CcxWrS0JTqY,7,2.29,16,8,80.86,45.0,15.43,9.0,0,0,0,1,1
Ck5JOj4TlM4,30,28.87,866,252,161.1,95.5,29.67,15.5,1,0,0,8,8
Cky0O-hANDI,30,106.83,3205,699,119.03,69.0,22.03,14.0,3,0,1,39,19
ClXQoVgfeJw,30,57.97,1739,376,191.83,57.0,35.3,10.0,7,0,0,56,21
CuLOnlXlgVY,30,66.43,1993,905,131.73,80.5,24.03,16.5,3,0,1,30,23
D2WgxpWC6gY,30,14.07,422,194,105.8,69.0,20.37,14.0,0,0,0,3,3
D2ikQutKoRo,11,2.73,30,16,93.09,33.0,16.73,7.0,0,0,0,3,3
D3cajbOs8-M,30,7.57,227,87,61.37,45.0,11.47,8.0,1,0,1,10,10
D4Z7cQ7jLGc,30,19.47,584,265,159.07,89.0,28.57,16.0,1,0,0,27,12
DAKamTy749w,23,2.09,48,15,98.0,35.0,17.74,6.0,1,0,1,2,2
DAyMePDgrJ0,30,141.47,4244,1481,74.8,50.5,13.37,10.0,5,0,0,55,22
DSTRL-bMOwY,30,25.07,752,409,90.47,73.5,15.67,13.5,7,0,1,26,19
DW6jW9utbwU,30,61.77,1853,876,148.03,92.5,27.97,17.0,1,0,0,41,22
De_Zs3g5JT4,17,2.29,39,21,78.76,73.0,15.0,16.0,0,0,0,3,3
DhGSyddz-g0,30,42.37,1271,539,46.7,42.5,8.73,9.0,8,0,1,39,18
DiXpCCaH038,19,2.53,48,16,74.0,46.0,13.74,11.0,0,0,1,7,7
Dyliijbw_aQ,30,126.3,3789,1414,89.97,51.0,16.63,9.0,6,0,0,33,22
E3QpXj_QOqQ,30,164.6,4938,2024,122.3,51.0,20.97,8.0,3,0,0,65,23
E78SM77gmFY,30,133.17,3995,1416,50.43,35.5,8.4,6.0,6,0,0,49,24
E8vwGLMTx5I,30,259.37,7781,4724,107.3,39.0,19.17,8.0,2,0,1,133,25
ELavuz3btaE,30,28.27,848,411,137.07,106.5,23.7,18.5,1,0,0,14,13
ERGbgvvCJ8o,30,56.3,1689,1009,139.2,101.5,24.7,16.5,2,0,1,50,14
ETA6D3SkAZo,30,24.23,727,217,209.83,150.0,38.73,28.0,5,0,0,83,16
EfBczKGbGwA,30,146.1,4383,2087,240.93,121.0,42.3,21.5,4,0,3,55,21
EgNHc43z374,19,1.21,23,7,69.16,34.0,11.53,7.0,0,0,1,7,7
ElxGH4MW9Ho,30,112.93,3388,1689,92.03,76.5,15.7,10.5,8,0,1,50,22
EmvKi7ftyPs,30,46.97,1409,462,138.43,134.0,26.13,26.5,2,0,0,41,14
EuVKpMRl7ik,30,37.87,1136,356,227.7,186.5,42.1,32.5,0,0,1,11,11
EwSD4uCSX_M,30,59.63,1789,587,100.07,75.0,18.57,14.5,2,0,1,12,10
F2wqN4KBn0c,30,2.07,62,26,124.9,64.5,24.37,14.0,0,0,1,1,1
F4B0djrx6hI,14,1.93,27,15,48.93,47.5,9.0,10.0,0,0,1,3,3
F7JMKzBr8HY,30,63.1,1893,807,99.27,79.5,18.13,16.0,7,0,1,25,14
FEUIxnnW5-w,20,2.4,48,11,17.75,14.0,3.7,3.0,0,0,0,9,5
FJwp5RBLQcs,30,38.27,1148,243,153.6,77.0,28.03,14.0,6,0,1,27,20
FM9AOfcxNTI,30,10.67,320,104,371.23,173.5,67.9,32.0,10,0,1,32,21
FQJ3MsQFKNg,30,76.27,2288,1252,167.2,126.0,30.43,25.0,5,0,1,31,17
FXPRTvmIcDs,15,2.53,38,15,48.8,36.0,9.2,7.0,0,0,1,4,4
FYU-4NOnLDY,30,23.7,711,338,208.93,200.5,39.03,38.0,3,0,0,78,16
FbSNfj2S6Pw,30,179.17,5375,2459,152.37,108.5,27.5,20.5,4,0,1,39,22
FdSF4OfQ9f0,30,678.97,20369,9726,64.53,32.0,12.47,6.0,2,0,1,149,22
FeLNpX1GljM,30,207.73,6232,1805,180.4,106.0,32.07,19.0,8,0,1,49,22
FiRp3GEebms,30,32.5,975,296,174.13,162.5,32.67,28.5,1,0,1,9,9
Fk3csAdegBI,30,131.27,3938,2642,97.73,73.5,17.7,14.0,1,0,2,78,23
Fq1O5Tp7ohc,30,3.53,106,30,58.73,40.5,10.7,8.5,0,0,0,5,5
FyU1JgWfxyA,18,4.56,82,60,77.56,64.5,14.06,11.0,0,0,1,3,3
G-QC4mT8bXA,2,3.0,6,4,53.5,53.5,9.0,9.0,0,0,0,0,0
GGqB46Gi4Ko,30,36.63,1099,354,129.17,75.5,23.77,14.0,8,0,0,16,16
GJHH3SI_9Fo,30,2.4,72,11,97.37,45.0,18.37,7.5,0,0,0,3,3
GJtHczy4Ja4,12,4.17,50,20,61.08,51.0,11.58,9.0,0,0,0,1,1
GMYlFu4GAsw,30,12.87,386,180,87.97,32.0,16.0,6.0,0,0,0,4,4
GRDvoD7GwSg,16,1.81,29,9,39.5,29.0,7.25,6.0,0,0,1,0,0
GT9ZQX1OS68,30,25.97,779,303,75.6,58.5,15.17,11.0,5,0,0,60,18
GY9lNl3EO1I,30,89.7,2691,746,92.8,42.5,16.37,7.0,11,0,1,39,23
GYr9U9YWfI4,12,2.67,32,23,20.25,18.5,3.75,4.0,0,0,0,2,2
GcvaIT_1dNc,8,5.12,41,22,100.0,80.0,18.88,16.0,0,0,0,2,2
Gg8_TA7U0Uw,30,316.27,9488,4183,171.53,148.0,29.77,25.0,6,0,1,61,23
GgSNvCY-AcY,30,97.8,2934,1249,241.07,151.0,44.37,29.0,1,0,1,40,17
GpL4jfLZY3Q,30,177.4,5322,2466,63.47,38.0,11.73,7.0,6,0,0,156,24
GtA4ywN_I1M,18,2.22,40,15,57.0,43.5,10.78,8.0,0,0,0,0,0
Gx2vyi4JcV0,30,252.5,7575,2513,68.83,47.0,11.87,8.0,8,0,1,63,23
H-ykVthyNTc,30,55.57,1667,1256,204.83,140.5,37.4,27.5,8,0,1,84,17
H2_WC2bcKE8,30,3.53,106,53,88.93,57.5,16.23,11.0,0,0,0,1,1
H77TpYpPtNI,13,0.92,12,6,70.69,57.0,12.92,10.0,0,0,0,1,1
H7KBukv3xaM,30,16.5,495,231,63.67,41.0,12.1,8.5,0,0,0,82,6
H7zolPUcJCM,30,262.2,7866,3479,88.53,62.0,16.5,12.0,6,0,1,31,22
HEidZrkj96U,7,1.43,10,6,59.14,40.0,10.14,7.0,0,0,0,0,0
HGTzYlkT5Ww,30,2.7,81,21,105.33,89.0,19.93,16.0,0,0,1,4,4
HGktY1dytCw,30,309.43,9283,3061,319.47,121.0,57.77,20.0,2,0,1,180,18
HIlZ-rW7dXA,30,15.13,454,148,62.07,49.0,11.67,9.0,0,0,0,6,6
HIqvJVucwwA,12,0.5,6,5,63.33,33.5,12.08,7.0,0,0,0,0,0
HJgnBktX5_0,30,47.2,1416,346,102.1,72.5,18.3,13.5,3,0,2,17,17
HJyrY3bRTn4,30,173.53,5206,1573,98.43,62.0,18.67,11.5,2,0,0,57,25
HKGAzzqkfWM,11,2.91,32,9,50.18,35.0,9.64,7.0,0,0,0,0,0
HPcIwHwZIhI,30,25.3,759,236,242.77,197.5,44.8,37.0,1,0,0,2,2
HRz7yUaeTy0,30,98.23,2947,1536,119.17,74.5,21.1,12.0,8,0,1,40,20
HSJmimPjL5M,30,86.17,2585,1005,100.7,109.5,17.77,18.0,0,0,1,4,4
HVRHozw5GA4,30,156.57,4697,1826,155.63,102.0,29.57,20.0,3,0,0,83,22
HgS5__-Pt74,30,81.33,2440,1098,99.87,68.0,18.3,11.0,5,0,0,23,20
HoqjLxRBIMQ,30,29.73,892,249,232.43,133.5,41.73,24.0,8,0,0,39,21
HuX3yT4rvDs,30,354.7,10641,4724,62.53,48.5,11.07,9.0,6,0,1,49,23
Hw3SpLQYeLA,30,84.2,2526,562,82.17,42.5,15.27,9.0,2,0,0,35,19
HwPsLCk3EkU,9,6.11,55,33,71.11,58.0,13.44,11.0,0,0,0,3,3
I-dlPuqFguo,30,123.6,3708,1156,119.27,89.5,20.4,16.0,4,0,0,61,20
I2rvAysA-_8,19,1.47,28,10,51.68,25.0,8.16,4.0,2,0,1,8,7
I3MeCEwVxB0,30,128.33,3850,1904,50.47,30.0,8.83,5.0,4,0,2,50,21
I5hTDOckpnU,30,90.53,2716,731,79.73,47.0,14.17,9.0,2,0,0,30,21
I6JAceIv8ro,22,1.27,28,7,52.09,33.0,10.36,7.0,2,0,0,9,9
I9m00NGPwgg,30,96.0,2880,1216,197.97,85.0,35.13,14.5,1,0,0,29,14
IFSMQJCda10,30,70.23,2107,478,123.2,81.5,21.83,15.5,3,0,1,64,22
IFggxxz3gcs,14,1.93,27,6,100.5,87.0,19.0,17.0,4,0,0,8,6
IJwuAm3fEWg,26,6.31,164,85,69.35,56.0,13.46,11.0,0,0,0,4,4
IK4B7XUqXWY,30,52.8,1584,564,71.3,68.0,13.07,12.0,3,0,1,40,18
IPA-08lYNss,30,1.6,48,14,139.27,103.5,26.33,21.0,0,0,0,3,3
IScN1SOcj7A,30,310.4,9312,2521,149.93,108.0,27.47,19.5,4,0,1,104,23
ISjkHuJYTPw,30,40.2,1206,266,76.2,54.5,14.23,10.5,0,0,0,3,3
IVCCqNpORj0,4,1.5,6,5,83.75,50.5,16.5,10.5,0,0,0,0,0
IWYUDZsU_Ew,13,2.31,30,10,47.77,25.0,8.62,4.0,2,0,0,10,6
IXSqorYMXQA,30,4.9,147,72,73.73,46.0,14.07,6.5,3,0,0,7,6
I_a7ozUeMx8,30,47.53,1426,738,83.93,52.5,15.1,11.0,0,0,1,20,18
IgT24YYn4DU,30,20.5,615,144,112.37,82.5,20.0,15.5,0,0,1,16,15
IhfxUm3cmuM,30,22.83,685,305,129.23,103.0,23.37,18.5,0,0,0,7,7
Ijlw8B7xg9Y,30,4.43,133,56,82.37,55.5,14.87,11.0,6,0,0,15,15
IoA0q9fUpYI,30,12.5,375,119,173.93,117.5,31.6,19.0,1,0,0,2,2
IyPsEF511Vw,30,3.47,104,31,91.5,58.5,16.73,11.0,0,0,0,5,5
J4RBNp6wFWA,30,17.0,510,271,185.6,126.5,33.9,25.5,0,0,0,15,5
JFD-X0g307A,25,14.56,364,145,43.56,37.0,7.84,7.0,0,0,0,49,15
JHKiDe8E4hY,30,181.73,5452,2261,113.97,61.0,20.27,11.5,2,0,1,46,19
JHjREDj7Tag,30,65.87,1976,405,61.73,55.5,11.53,10.0,1,0,0,11,11
JKoRuqjjYM4,10,1.3,13,6,49.9,39.0,9.9,8.0,0,0,0,0,0
JMh44cq60UE,30,49.87,1496,544,79.93,41.0,13.8,6.5,8,0,1,31,23
JQz0NNQLV9A,9,0.44,4,2,80.78,47.0,14.33,9.0,0,0,1,2,2
JSt4SZ7i5F0,30,27.8,834,335,127.77,93.5,23.7,16.5,1,0,0,7,7
JWOR5Y-qmfg,30,58.57,1757,716,86.77,46.5,15.47,8.5,1,0,0,54,20
JYCCK7R9DUk,30,21.27,638,249,81.9,61.5,15.27,12.5,4,0,1,26,14
JZln56h2GkM,30,10.2,306,120,109.87,73.5,20.6,13.0,2,0,0,7,7
Jao__pHTv9Y,30,43.87,1316,679,79.73,48.0,14.77,10.0,7,0,1,26,16
Jcoam1CeAq4,30,28.47,854,286,115.03,82.5,20.7,16.5,1,0,1,8,8
JuCIU6FpQLs,7,0.71,5,3,210.43,90.0,40.57,18.0,0,0,0,0,0
JwhsPdN2RNg,30,70.87,2126,723,103.47,88.5,19.03,16.0,1,0,0,15,14
JzprzToSzXg,30,17.07,512,268,113.87,103.0,20.1,17.5,1,0,1,19,15
K-Y4NvGHMyc,19,5.79,110,25,141.68,72.0,27.37,13.0,1,0,0,3,3
K-ssUVyfn5g,30,228.03,6841,2939,256.2,134.5,45.57,24.5,7,0,0,52,20
K3eS4jr2pIo,30,393.77,11813,6353,99.33,39.0,18.23,7.5,4,0,0,112,24
K5bvWmvtarI,30,10.47,314,102,598.8,137.5,108.7,25.0,1,0,0,2,2
KMFR0kj0CE0,6,13.67,82,47,165.67,79.0,29.33,12.5,0,0,0,0,0
KMskdqtR1yA,30,140.63,4219,1422,59.93,49.0,11.1,9.0,5,0,1,56,24
Kppgzbun71I,30,163.9,4917,1539,70.33,37.0,11.83,6.0,2,0,1,43,20
KrrqVODE2O4,30,141.33,4240,755,116.7,97.0,21.57,17.0,7,5,0,39,15
Ksjt_I8rDrE,30,1301.0,39030,18517,67.7,34.0,12.0,5.5,4,0,0,110,25
KvDHMeJJ_cY,30,185.7,5571,2473,125.73,82.5,21.8,14.5,4,0,1,50,21
KzlRU5xMOXY,24,17.96,431,231,72.29,33.0,13.17,7.0,0,0,0,22,10
L11WCsRqrIg,30,73.57,2207,657,115.63,64.5,20.17,10.5,6,0,3,41,20
LHaIPyTVelc,30,5.73,172,45,82.8,67.5,15.87,13.0,0,0,0,3,3
LOxn0iBAl5I,30,55.87,1676,419,78.9,50.5,14.23,8.5,6,0,0,36,23
LP4CUye2yHM,30,9.13,274,71,174.6,156.0,33.7,29.5,6,0,1,13,13
LQ3Mu8A7gjY,30,43.93,1318,531,73.07,68.0,14.0,13.0,3,0,0,30,14
LQRuaP2VFfA,30,148.83,4465,1635,87.63,42.0,16.03,7.5,1,0,1,175,24
LXYjFsuVOoc,30,88.87,2666,1256,240.67,134.0,41.9,24.0,3,0,1,31,22
LYypqnPLOaM,30,8.3,249,57,124.93,81.0,24.1,17.0,0,0,0,7,7
LeouHabV12s,30,42.07,1262,664,64.3,46.5,11.53,9.0,0,0,1,8,8
LidM6glzOU0,30,4.27,128,39,135.73,80.0,25.43,14.0,3,0,0,7,7
Lmkjr3AOTmk,22,0.59,13,5,70.68,37.0,12.18,6.5,0,0,1,2,2
LpM4QXb9lhk,18,1.28,23,15,87.17,45.0,16.67,8.0,0,0,0,5,5
LpjF5K0SXH8,4,4.25,17,11,19.0,21.5,3.5,3.5,0,0,0,0,0
Lsq6gN1_FLo,30,11.73,352,192,71.73,65.0,13.1,12.5,1,0,1,6,6
Lt-T-tqasUM,30,15.37,461,149,115.07,74.5,22.33,14.0,6,0,0,13,11
Lt54CX9DmS4,30,286.87,8606,3319,358.63,26.5,57.73,5.0,3,0,1,76,25
LtgeCKpsgEc,30,11.97,359,199,78.63,60.5,13.57,11.0,2,0,1,6,6
Lx1q-9DMfBc,30,17.3,519,410,49.2,30.5,8.8,5.5,1,0,1,17,13
Lx1r5lSgLM0,22,1.23,27,13,107.23,83.0,20.0,16.0,0,0,1,1,1
M1js7_gglOc,30,30.43,913,529,122.27,87.0,22.1,16.5,3,0,1,18,12
M5y69v1RbU0,30,283.07,8492,5185,171.17,157.0,28.73,24.0,0,0,1,71,25
M6mFP3NzxrQ,30,20.3,609,171,166.03,115.0,31.83,23.0,1,0,0,5,4
M92j0t_rjNs,8,2.12,17,10,58.62,64.0,10.12,11.0,0,0,0,1,1
M9CCE5bx0so,6,0.33,2,2,39.5,31.5,7.33,6.5,0,0,0,0,0
MFXWY8TqSWw,30,39.77,1193,440,197.07,175.0,35.67,30.0,2,0,0,140,15
MN1CR7PE0LQ,30,18.07,542,253,109.57,86.5,19.87,16.5,3,0,0,23,17
MPECDuOUBEY,30,28.73,862,242,167.93,108.0,30.6,20.5,7,0,1,62,22
MZqCZ_KT-70,30,59.07,1772,692,133.67,93.5,24.6,17.5,3,0,1,91,22
M_VLcEMPXzk,30,353.83,10615,4859,105.1,50.5,17.73,10.0,2,0,1,110,24
M_bCVdB1jRY,30,158.57,4757,1530,65.97,45.0,12.43,8.0,1,0,0,42,22
MbumNLXwZqc,30,4.27,128,59,80.4,51.5,15.1,10.5,0,1,0,1,1
MgI6iquuuzA,30,63.67,1910,454,145.17,146.5,26.37,26.5,4,0,1,47,17
MhUljoWSzSk,4,2.0,8,4,63.25,58.5,12.5,10.0,1,0,0,0,0
MiPtCN_fJbA,30,59.1,1773,1019,125.03,111.5,22.7,18.5,0,0,1,3,3
MoGTXsusX6Q,30,40.57,1217,500,184.17,85.5,34.77,17.0,4,0,1,37,20
MpevcHafHZI,30,7.23,217,95,74.47,52.0,13.8,10.5,1,0,0,5,4
MqXjqOy-TA8,30,71.5,2145,1123,312.17,205.5,56.0,36.0,3,0,0,21,15
Ms4xcowxG9g,30,3.1,93,19,174.7,89.5,32.97,17.0,1,0,0,2,2
Mtknzfv9dUY,26,4.19,109,43,54.0,37.0,9.73,5.5,1,0,1,8,8
N0xpPCJK9iE,30,44.97,1349,384,173.4,61.5,31.23,12.0,0,0,0,14,10
N24X8kK7H4Q,30,235.27,7058,2563,92.47,35.0,16.27,7.5,4,1,1,81,24
N282bXQYRFc,30,255.47,7664,3757,76.1,38.0,14.07,6.5,6,0,0,44,24
N3kva4sR1hQ,30,12.23,367,184,54.63,46.0,10.53,8.0,0,0,1,2,2
NL2Vq32jyeo,30,38.03,1141,559,144.53,89.5,23.07,13.5,0,0,1,18,12
NWfIrmIgaCU,30,16.83,505,214,162.67,122.5,29.7,23.0,1,0,1,32,13
NquuITL9-ZA,30,27.87,836,228,208.3,86.0,36.87,16.5,1,0,1,22,16
Nwvefe71xQM,9,1.0,9,3,75.22,43.0,11.11,8.0,0,0,1,1,1
Ny3u3Z85KdQ,30,161.43,4843,3305,139.57,68.5,23.83,9.5,3,0,1,67,16
O3m14PVOq_g,30,634.23,19027,6660,104.47,62.0,18.77,12.0,6,0,1,245,25
O96Y3-ldp10,30,54.3,1629,937,93.83,56.0,17.4,11.0,3,0,0,18,16
OA9tU1G6O-s,30,41.7,1251,453,115.67,110.5,21.23,18.0,10,0,0,21,18
OAEopgIpv38,30,799.3,23979,11499,37.63,24.5,6.43,4.5,4,0,1,86,24
OC5kWKRA_0Y,9,3.0,27,9,37.89,37.0,7.0,7.0,4,0,0,13,6
ODl5FOMu8kI,30,223.77,6713,2691,86.1,55.0,15.7,10.5,1,0,1,28,20
OK1Eic3oBs4,30,55.1,1653,726,117.67,78.5,19.67,13.5,7,0,1,20,17
OLK52vT1YOA,30,53.2,1596,459,160.97,67.0,30.57,14.5,2,0,0,37,17
ONG26-2mIHU,30,392.03,11761,3633,161.1,55.0,29.87,12.5,10,0,1,77,23
ONI0H61Fk_s,30,5.27,158,36,175.33,101.5,32.63,19.0,0,0,0,4,4
OOXo92zCNME,13,1.69,22,13,46.38,36.0,8.77,8.0,0,0,0,0,0
OP3dA2GcAh8,30,208.17,6245,3281,118.5,71.0,21.43,13.0,0,0,2,58,23
OQhqv_0d-nw,30,17.0,510,198,229.57,179.0,38.5,30.0,4,0,1,25,18
OQs0fYHPzho,12,0.58,7,3,58.0,59.5,11.08,11.0,0,0,0,0,0
OgBF3N3MhYw,30,60.8,1824,745,143.07,70.5,26.83,12.5,3,0,1,39,23
OksWjaMxUOQ,13,2.54,33,12,80.38,57.0,12.23,8.0,0,0,1,1,1
OlPO8f-AAJk,30,55.5,1665,458,261.57,212.0,46.4,36.5,1,0,1,14,7
OlQdgKmxSEI,30,25.63,769,287,82.4,56.0,13.83,9.5,4,0,2,25,21
OlU5OWWqPcQ,30,172.27,5168,2403,59.83,43.0,11.3,8.0,5,0,0,97,25
OlbtSJWLKuU,30,67.7,2031,629,75.47,45.5,13.07,7.5,5,0,0,37,22
Oq4c-_iAzQo,30,229.7,6891,2582,49.87,29.0,9.23,5.5,4,0,0,63,23
OrElyY7MFVs,30,1576.4,47292,18035,110.4,76.5,19.6,12.0,6,0,1,165,25
OrkZvaigYQI,18,1.89,34,9,40.56,37.5,7.61,8.0,0,0,1,2,2
P-AAZFewuK4,25,3.56,89,62,79.24,50.0,14.44,10.0,3,0,0,7,7
P5S299Gy03M,30,8.97,269,84,63.3,41.0,11.17,7.5,3,0,1,9,8
P7KXFybHaPk,19,1.42,27,8,84.11,57.0,14.53,13.0,0,0,1,4,4
PBOc7IY3ijM,7,0.0,0,0,69.0,65.0,12.0,10.0,1,0,0,2,2
PCtQ6sipdqA,30,107.7,3231,1397,126.93,72.5,21.7,15.0,1,0,0,148,22
PHgdXWZLs9g,30,52.77,1583,574,132.67,103.0,24.67,19.0,5,0,0,30,16
PKwtART-z5M,30,23.7,711,281,86.97,66.0,16.27,12.5,0,0,1,17,14
POwUgP1rxoo,30,57.4,1722,1163,98.47,76.0,16.53,13.0,2,0,1,16,15
PQWWKAtYmG4,30,41.63,1249,477,153.57,95.5,28.43,17.0,1,0,0,17,14
PUB8gsKhap0,9,0.78,7,3,71.0,58.0,13.0,10.0,0,0,0,2,2
PcMVfAb9sxI,30,49.07,1472,596,122.47,91.0,21.47,16.5,2,0,1,15,15
PdlRNq3eMkQ,28,3.39,95,26,93.86,60.5,17.64,12.5,0,0,0,9,8
PhrhAa8P9wM,30,171.33,5140,1756,92.87,62.0,17.47,12.0,2,0,1,26,23
PmQbnKzhqGE,30,5.37,161,82,154.13,72.0,27.73,13.5,1,0,1,8,7
PmWjZkHOYuQ,30,8.97,269,133,66.6,51.0,11.7,7.5,0,0,1,6,6
Pr0mI_gkS4k,22,1.86,41,15,72.23,45.5,12.68,10.0,0,0,1,2,2
PtMLCL_T2ak,30,60.93,1828,833,191.9,38.0,35.93,7.5,5,0,1,44,24
Q2m0vwuIl0Q,20,2.8,56,42,65.6,37.0,13.25,7.0,4,0,0,4,4
Q6fwLEO3G3Q,9,1.0,9,3,89.0,70.0,14.78,12.0,0,0,0,2,2
Q7WIdfY2tOw,7,1.43,10,5,46.43,22.0,7.86,4.0,0,0,1,1,1
Q87NzojhZDI,30,36.27,1088,340,105.1,67.0,18.83,12.0,3,0,0,22,15
Q9tRunbdKqU,30,90.03,2701,798,70.77,44.0,12.7,8.5,0,0,0,20,15
QDU4S4sfb_g,30,172.43,5173,1820,55.97,28.0,10.37,5.5,0,0,0,37,22
QF2wIywvDhk,30,8.03,241,85,251.67,170.0,45.23,32.5,0,0,1,8,8
QOFdvK6MRrw,7,3.14,22,10,45.0,46.0,8.14,8.0,0,0,0,1,1
QOvIzsn7fD8,30,1.9,57,22,112.5,58.5,20.7,10.5,0,0,0,1,1
Qc6pdR8BhFA,30,16.13,484,116,156.4,132.0,28.03,24.5,1,0,1,25,12
QdTpjPn014U,30,12.47,374,168,103.87,49.5,20.03,9.5,1,0,0,57,12
QfZRbZfDZLw,7,1.86,13,7,140.0,79.0,26.0,11.0,0,0,1,0,0
Qsf3j59SVJg,30,2.53,76,14,86.57,54.0,15.87,10.0,0,0,0,7,7
Qu1QNcetiK0,30,2.2,66,40,191.53,132.5,35.8,26.0,0,0,0,2,2
QuD7I_o1WP0,30,97.17,2915,855,52.0,34.0,9.7,6.5,5,0,1,44,25
QxXwfMrWYPE,7,4.0,28,13,213.14,67.0,38.29,12.0,0,0,0,4,4
R2E3zGFqgTM,24,1.75,42,14,88.38,52.0,15.67,8.5,0,0,1,6,6
RBcEpsTmT8Y,30,61.4,1842,606,99.03,71.0,15.57,12.5,1,0,1,60,19
RDeJe_2TWUE,30,82.9,2487,518,127.8,64.5,22.53,11.5,1,0,1,19,17
REcFuxqXTc4,30,18.73,562,411,59.73,33.5,10.97,7.0,1,0,0,9,7
RGbCR_pq4_A,30,716.6,21498,8248,113.13,77.0,19.53,14.0,1,0,2,170,23
RH7REzcVjMI,30,24.97,749,479,191.93,160.5,35.07,26.5,6,0,1,36,17
RP0oVOH4Zz4,30,780.43,23413,11537,93.23,41.5,16.23,8.0,6,0,0,163,24
RZBZVWONSTs,30,8.2,246,115,153.37,94.5,29.5,18.5,4,0,0,20,12
Ra1ykDUnwpM,30,71.07,2132,500,141.1,97.5,25.17,19.5,0,0,0,13,11
Ra6mWPfgW4Q,30,24.0,720,480,81.93,50.0,14.37,10.5,4,0,1,19,16
Ran1mUDgK-0,26,10.42,271,135,75.31,51.0,13.27,9.5,0,0,0,37,11
Rbhhz9afUCU,30,32.67,980,360,135.67,87.5,22.67,14.5,2,0,1,17,12
ReN3v7xxxWI,30,6.9,207,86,128.07,79.0,23.5,14.5,0,0,0,6,6
Rkxm6g78bwE,30,13.73,412,73,98.97,73.5,18.5,13.0,1,0,0,9,9
RlzV8EnEwc0,30,129.97,3899,1345,123.07,91.0,21.4,19.5,0,0,1,66,22
Rq2lrUhyLF8,30,30.8,924,217,157.77,128.0,28.93,24.5,3,0,2,32,19
Rupm_MgeolM,10,2.3,23,16,55.5,47.5,7.5,7.0,0,0,1,1,1
RvrfOt2pqR0,30,57.43,1723,386,119.73,71.0,21.63,12.5,0,2,0,10,10
Ry_MgBcDUfw,12,2.58,31,25,101.25,96.5,19.25,16.5,0,0,1,4,4
S8JLJqLvhzo,30,167.2,5016,2118,124.1,87.5,23.73,18.5,5,0,0,51,21
SC6TNdLOA0w,19,7.05,134,91,58.42,37.0,10.37,7.0,1,0,1,3,3
SGzk_FbJ-dQ,30,116.4,3492,1275,189.73,73.5,35.0,15.0,2,0,1,61,23
SKagZybuw7o,30,12.2,366,168,77.1,58.0,15.4,12.0,0,0,0,6,6
STYohijxBNY,30,167.17,5015,2659,76.97,55.0,14.37,11.0,1,0,1,41,22
SYgGNwyAOt8,16,2.12,34,24,151.62,78.0,28.12,11.5,2,0,2,7,6
SfTBTDjSZbg,22,4.36,96,29,78.82,62.5,14.41,11.5,1,0,1,5,5
SjcvBFfMulY,30,37.63,1129,663,81.0,54.5,14.07,9.0,6,0,1,26,15
SjvsfBvfyvI,30,66.57,1997,783,131.37,90.0,24.73,18.5,2,0,1,31,22
Sjw0ZSHXxrc,3,2.33,7,3,40.0,27.0,7.0,4.0,0,0,0,0,0
Smm8GlRQ-Uc,30,27.8,834,354,133.4,80.5,23.93,15.0,0,0,1,7,6
StKU4spwsss,30,110.6,3318,951,36.8,23.0,6.97,4.0,0,0,0,25,19
Suw3XoPlCaM,30,95.37,2861,1085,88.87,74.5,16.37,14.0,1,0,0,32,19
T0olGw9w8Vk,30,3.83,115,41,118.47,64.5,22.07,12.5,1,0,1,8,8
T2M9hSswlIs,30,472.73,14182,4905,89.63,35.5,16.97,8.0,2,0,0,186,23
T2_uib0J8Hc,23,5.39,124,37,71.22,56.0,12.65,10.0,1,0,1,7,7
T6hmdrsLQj8,30,321.47,9644,6055,82.4,62.5,13.9,12.5,3,0,1,183,22
TAj8Zg2rrNg,11,1.09,12,4,101.36,51.0,19.0,11.0,0,0,0,1,1
TGd0Y4Ch8B8,30,21.03,631,162,243.97,104.0,44.6,18.5,0,0,0,11,8
TH0nNn6SmXw,30,228.5,6855,3965,90.37,69.0,16.6,14.0,1,0,1,61,22
TIqQmKapBaY,30,36.57,1097,751,231.13,164.0,42.07,31.0,1,0,1,7,7
TLZr5GVeLcY,30,772.47,23174,7091,58.83,39.5,10.63,6.5,4,0,0,170,25
TRhq6n52JVk,16,2.12,34,14,37.75,30.0,7.19,6.0,0,0,0,0,0
TdCaWsDb7uo,7,1.43,10,5,133.57,164.0,26.14,32.0,0,0,0,0,0
Te0_nt62lJQ,30,26.93,808,354,92.37,78.0,16.73,14.0,2,0,0,18,11
TgOmBWdK84k,30,48.97,1469,578,149.67,61.5,27.67,11.5,4,0,1,30,22
TmuDsq4m4Ts,30,62.8,1884,926,180.73,102.5,33.07,19.0,2,0,1,21,18
Toz7XEsSH_o,30,181.37,5441,3113,62.93,39.5,11.6,7.5,1,0,1,94,23
TpBhsfreU5Q,30,38.3,1149,593,181.3,180.0,32.1,33.0,2,0,0,15,11
Tqu4awn8Pr8,30,4.4,132,46,57.17,34.5,10.73,7.0,1,0,1,6,6
TuYeDdqVxHI,16,1.56,25,6,79.88,52.0,14.56,7.0,2,0,0,7,7
TvytweSNkiE,30,409.1,12273,3162,64.83,30.5,12.27,5.0,2,0,0,57,23
U31WDm6RNYc,17,4.53,77,30,105.65,95.0,19.71,16.0,0,0,0,1,1
U5kU-w9ii0Y,30,54.87,1646,585,254.83,95.5,44.6,18.5,5,0,1,70,23
U60rqe2KC1E,30,72.63,2179,920,96.5,58.0,18.03,11.5,0,0,1,40,21
U7JNdMbj1zM,30,35.9,1077,472,106.53,40.5,19.33,7.0,5,0,1,34,25
U9f9RPXZkEo,30,1.83,55,23,109.23,53.5,18.5,8.5,0,0,0,2,2
UASlgjC9fz0,30,156.3,4689,2498,69.17,55.0,12.5,9.5,2,0,1,29,22
UAUDcoqK5I4,30,38.53,1156,310,89.53,59.5,16.27,10.5,5,0,1,33,20
UDJizJhZkYQ,18,3.17,57,26,90.22,38.0,16.06,7.5,0,0,1,6,6
UE4dTKiNGa0,30,22.7,681,213,136.4,91.5,24.8,18.5,4,0,1,13,13
UF02YPoKfMY,30,98.73,2962,1109,77.6,72.5,13.8,13.5,5,0,0,19,15
UGzNMRWEXjU,30,21.47,644,211,139.27,100.0,24.13,15.5,6,0,2,31,21
UI2fzaXO78E,22,3.41,75,27,70.55,40.0,13.36,8.5,0,0,0,7,7
UJmz89F_bqA,29,4.66,135,52,106.79,62.0,20.17,12.0,2,0,0,6,6
UKCGs5sfheM,30,24.6,738,311,67.5,44.5,12.3,8.5,0,0,0,10,10
UPuI1iAxH7k,29,2.21,64,31,68.07,49.0,12.79,10.0,0,0,0,2,2
UYfGC31ZDJw,30,81.87,2456,1250,75.57,65.5,13.4,12.0,1,0,1,19,11
UdBcXvpmQ5o,11,3.18,35,10,91.36,71.0,17.36,16.0,1,0,1,2,2
UlIDxrK43ko,30,79.3,2379,719,582.67,41.0,101.2,8.0,3,0,1,78,24
Uri24Z3oc74,30,49.4,1482,546,80.9,65.0,14.57,12.0,3,0,1,21,17
UtLM89JgVfc,11,11.27,124,78,182.09,134.0,33.27,26.0,0,0,1,1,1
UuDcH_o1Kg0,15,1.8,27,20,36.6,28.0,7.07,5.0,0,0,0,4,4
V0HyNEd3GHs,30,32.2,966,421,81.87,66.0,14.17,10.5,3,0,1,16,15
V7342SesjCs,30,45.5,1365,401,146.9,79.0,25.8,15.0,5,0,1,42,19
V9SmqAoawH8,16,4.0,64,32,68.56,28.0,12.31,5.5,0,0,1,3,3
VOwdO6lYO9A,30,38.27,1148,414,64.6,45.0,11.23,8.5,6,0,0,28,16
VQ2qME0T5Oc,10,2.1,21,10,72.5,60.5,12.4,10.5,0,0,1,1,1
VRaUyEY4Pnc,15,0.8,12,6,93.07,62.0,17.6,12.0,1,0,0,4,4
VS4ZPEW-zyg,16,3.56,57,26,72.31,38.0,14.12,7.5,0,0,1,1,1
VTTp5A-rSdc,30,316.67,9500,6146,66.17,46.0,11.63,9.0,5,0,1,241,23
VTYJ0NJfUMQ,13,4.92,64,45,28.46,35.0,5.85,5.0,0,0,0,4,4
VVEkNJpUaDQ,10,0.5,5,4,67.8,26.0,12.7,5.0,1,0,0,2,2
Vie8QwUJfgY,12,1.0,12,5,41.33,32.5,7.83,6.0,0,0,0,1,1
VpN78TXMSUM,30,19.77,593,151,209.3,169.0,37.07,28.0,2,0,1,14,11
W-EpiaPcgTk,30,401.9,12057,4281,46.83,25.5,8.43,4.0,3,0,1,51,24
W-gYpWSGBmc,30,38.4,1152,401,231.0,159.5,43.27,26.0,1,0,1,23,17
W0X9WD4Yk4c,30,81.97,2459,1466,113.27,101.0,21.17,21.0,4,1,0,29,21
W0h2Lm9v7yo,27,1.3,35,12,94.33,81.0,18.15,15.0,0,0,0,0,0
W2afI0n8pUk,30,134.93,4048,1041,94.63,68.0,17.4,13.0,5,0,1,63,20
W3CDMcWlPyM,30,1571.23,47137,20861,82.8,38.5,14.2,5.5,4,0,2,97,24
W5L9oZN9LeM,12,0.92,11,3,50.33,30.5,9.08,5.5,0,0,0,2,2
W5u4rZkcYPE,15,3.27,49,16,66.6,45.0,13.0,8.0,0,0,0,4,4
WF8jTZNwy6w,30,20.67,620,151,92.03,65.0,16.7,11.5,5,0,1,18,13
WONRS7BLh4g,30,247.17,7415,2127,153.2,63.0,26.2,11.5,3,0,1,152,24
WQWiLZ1M6xw,30,168.47,5054,2223,183.9,79.5,31.6,14.5,12,0,1,79,24
WQgILXEET3I,21,3.76,79,52,74.29,42.0,13.86,10.0,1,0,0,5,5
WV1OVR2hQFw,30,15.8,474,137,188.47,110.5,34.4,20.0,1,0,1,27,16
Wg3VWhu_M6Q,30,130.73,3922,1309,125.2,66.0,24.23,12.5,10,0,0,68,24
Wg_ygTcS-uQ,30,6.4,192,44,67.7,42.0,11.83,8.0,2,0,1,5,5
WizT_VdtOYM,30,76.27,2288,1197,113.27,117.0,19.83,18.5,4,0,1,33,22
WlYFPeBpU4s,30,12.8,384,176,134.07,81.0,23.9,14.0,1,0,1,7,7
WoNZUlRu168,30,19.47,584,182,98.87,70.0,18.3,13.0,1,0,1,12,12
WpJOg7N54Qw,30,9.67,290,110,212.73,148.0,38.33,25.5,0,0,1,10,10
WqBkyS83b44,30,24.37,731,195,106.23,93.5,19.7,17.0,1,0,2,21,18
WrYrWLh7ewI,6,3.0,18,11,173.67,59.5,34.5,12.0,0,0,0,0,0
WrlkSH87u3I,30,45.67,1370,597,164.07,99.5,29.87,18.0,0,0,1,20,14
WsOiuxm8qB4,30,22.43,673,179,108.67,80.0,19.47,16.0,10,0,0,28,19
Wya-lj_TWAk,30,19.8,594,237,49.77,49.5,9.83,10.0,2,0,1,5,5
X-ToaRoxgMU,30,8.1,243,78,203.4,118.5,35.8,21.0,0,1,0,13,7
X3HEAU3g7dA,30,93.9,2817,1126,110.77,75.0,19.77,14.0,1,0,1,19,17
X52jSWjnvC0,30,242.07,7262,2323,72.73,39.0,13.8,7.5,4,0,0,66,25
X9Th_OBKyQ8,30,20.3,609,242,114.77,84.5,21.03,17.5,2,0,1,10,10
XB7TLFKnXHw,30,35.8,1074,532,131.73,56.0,23.73,11.5,3,0,1,17,12
XEJBS5SJTpA,25,3.76,94,48,72.52,34.0,11.84,6.0,1,0,1,6,6
XFpwgQDlMrc,30,5.77,173,35,133.7,77.0,25.0,13.5,1,0,1,20,12
XILu7hxDr2w,30,61.4,1842,1076,112.97,64.0,20.53,13.0,3,0,1,32,18
XJHM0fEH3ss,30,7.9,237,99,99.53,73.0,18.1,14.0,1,1,0,5,5
XJaGAQsFVHs,30,8.47,254,106,134.0,91.5,23.93,17.0,0,0,1,13,10
XU7Kp2vG3NU,30,3.87,116,34,65.7,42.5,12.27,8.5,0,0,1,1,1
XVhzQgRnYps,30,32.87,986,323,133.1,87.0,24.47,14.5,0,0,0,6,6
XWgaOtLFQCM,30,322.27,9668,4767,54.1,46.0,10.1,9.0,5,0,0,84,22
XY0fQ0ZVlRs,30,2.53,76,32,142.07,78.5,26.9,16.0,1,0,1,5,5
X_XNSeW9jok,30,124.53,3736,1318,111.17,68.0,20.23,13.0,5,0,1,50,23
XcZnSSmeK2I,30,2.03,61,16,112.87,78.5,20.97,16.0,0,0,0,10,8
XdC9vohgwww,5,2.2,11,5,72.2,81.0,13.2,13.0,0,0,0,0,0
Xdwoev7KgCU,10,0.8,8,3,32.6,37.5,6.0,6.0,0,0,0,2,2
Xg2cmsnvWx8,30,82.97,2489,886,67.87,46.5,12.7,8.0,5,0,1,54,24
XiGaXVJHwhc,30,75.37,2261,820,97.87,72.5,17.4,13.0,4,0,0,36,23
Xk0e6XZUyrQ,18,4.17,75,25,45.61,25.0,8.72,5.0,0,0,0,6,6
XmE9HIjIv8c,4,3.75,15,8,48.75,40.0,9.0,8.0,0,0,0,0,0
XnK8_nHUYt4,11,1.55,17,7,69.73,61.0,13.18,10.0,0,0,0,0,0
XpopyNZKYKw,30,114.3,3429,1662,145.23,107.5,26.57,20.0,6,0,1,118,20
XtOshDbMGkA,30,153.07,4592,1695,275.33,231.0,51.83,47.0,2,0,0,326,19
XtzgJ3yC7zQ,10,2.2,22,11,33.5,26.5,6.5,5.5,0,0,0,0,0
Y-d90cILIDk,30,37.87,1136,359,97.83,76.5,17.57,12.0,4,0,1,24,21
Y11SX2oHmw8,30,31.23,937,345,137.87,66.5,23.33,11.5,1,0,1,13,13
Y4GdbD99FzE,26,2.62,68,22,46.27,30.5,8.73,6.5,0,0,1,4,4
Y5PulPlCHXw,30,1.57,47,19,135.6,64.0,25.37,12.0,1,0,0,3,3
YAs9QasnXgA,30,35.73,1072,297,231.7,137.0,41.97,22.5,3,0,1,28,22
YDSEhszBgpM,30,7.97,239,58,35.87,30.5,7.17,5.0,1,0,0,21,16
YDktDCOHIbQ,24,1.46,35,24,95.38,49.5,17.46,9.5,0,0,1,1,1
YF00S6U_C1g,30,77.87,2336,436,80.77,53.5,15.57,10.0,2,0,0,15,15
YHJzSbLiQNs,30,95.5,2865,1071,71.67,37.0,12.9,7.0,6,0,1,30,24
YL7zhpxyovo,10,2.0,20,14,35.4,20.5,7.1,4.5,0,0,0,0,0
YNtnP-j3DA8,30,90.63,2719,1227,124.67,47.0,22.73,8.5,0,0,1,64,21
YPo5yrry6nw,7,2.0,14,7,128.14,93.0,25.86,20.0,0,0,0,0,0
YRMKUbUOZiY,20,0.5,10,3,80.3,42.0,14.15,8.0,0,0,0,1,1
YT7tQzmGRLA,30,173.43,5203,2048,209.3,48.5,36.4,9.0,4,0,1,56,23
YUBm9fS54SU,30,44.37,1331,502,88.87,54.5,16.5,11.0,3,0,0,19,16
Yf3kYUmMLgw,30,23.6,708,436,96.77,48.5,16.57,9.0,1,0,1,16,14
YuCRDlEFaw4,30,64.3,1929,499,167.93,117.5,31.03,19.5,6,0,0,35,19
Z-xazrZnY8A,30,5.93,178,74,148.73,138.5,27.23,26.0,0,0,0,1,1
Z-zNHHpXoMM,30,709.53,21286,9197,57.83,39.0,10.27,7.0,1,0,1,140,24
Z6Jvq1kCnIg,12,1.58,19,7,74.25,40.0,14.5,7.5,0,0,0,2,2
Z8Xcf_v3kJQ,30,2.5,75,18,83.87,50.0,15.33,9.0,1,0,0,7,7
ZD90JQjL5j0,30,12.73,382,107,162.4,136.5,29.6,26.5,1,0,0,2,2
ZIelHDxW_Xc,30,16.67,500,178,137.93,75.0,24.63,12.5,2,0,1,6,6
ZJto0cpF3XU,30,345.53,10366,2778,61.57,41.5,11.1,7.5,7,0,0,62,24
ZQpSCgTnEeI,30,88.17,2645,744,203.6,128.0,38.9,26.0,2,0,0,53,21
ZX9hINdSXes,10,4.4,44,17,206.8,74.5,38.6,13.0,0,0,1,3,3
ZaCNnliEW9A,30,47.57,1427,833,142.6,116.0,24.93,20.5,7,0,1,37,21
ZazwqwjDY6M,30,106.93,3208,1277,168.3,116.0,29.73,21.5,2,0,1,43,22
Ze4ifhPPAQ8,30,79.67,2390,962,149.4,83.0,26.97,18.0,3,1,1,33,20
ZhJ6GpkjK4s,30,63.87,1916,1091,85.63,54.5,15.77,10.0,1,0,1,21,17
Zi5gD9Mh29A,30,23.33,700,295,123.63,97.0,22.0,16.5,0,0,0,17,16
ZijqVV1NqYQ,30,1002.57,30077,7781,78.43,49.5,14.33,10.0,7,0,1,231,23
Zo5cf_CgR6M,30,68.97,2069,594,98.47,77.5,17.57,13.5,3,0,2,23,18
ZsT4DZDMqWI,4,0.0,0,0,26.75,21.0,5.75,4.5,0,0,0,0,0
ZsXUHdAN97o,30,24.07,722,354,69.97,25.5,12.73,5.0,1,0,1,12,12
ZuarurfP4BA,30,3.83,115,48,121.33,99.0,22.83,18.0,0,0,0,3,3
Zz59q8wHECk,30,76.97,2309,945,326.07,81.5,57.13,15.5,3,0,1,32,20
_5nw6gLRe34,30,28.77,863,217,117.53,108.0,22.6,19.5,6,0,1,34,19
_9gYVZuOkts,30,4.37,131,50,73.4,60.0,14.77,11.0,2,0,0,4,4
_D_C2-2FZ5w,30,40.17,1205,332,144.9,84.5,24.9,12.5,3,0,1,17,16
_I4n6sP4h-M,18,1.33,24,14,45.17,27.5,8.39,5.5,0,0,0,3,3
_K7P-XF1k94,14,2.14,30,22,76.64,52.5,14.5,9.0,1,0,0,3,3
_KuUXz5gjgw,30,26.03,781,414,175.83,83.0,29.7,12.0,2,0,1,12,12
_NJWXVSs65c,30,82.0,2460,646,124.9,89.5,22.63,16.0,3,0,1,18,18
_jSbuDftmcc,30,83.7,2511,735,64.9,49.0,11.67,9.0,2,0,1,24,20
_kml-YupBag,22,2.77,61,18,132.0,85.0,24.14,15.0,0,0,1,2,2
_nCrGZjquzk,12,1.42,17,6,40.17,29.0,8.58,6.0,0,0,0,0,0
_sothj2aipE,30,76.4,2292,940,131.83,120.0,23.53,19.5,5,0,1,40,22
a3qVXVE_bYQ,30,154.1,4623,1591,46.27,36.5,8.1,7.0,7,0,0,32,22
a46eYoUpVBM,30,35.97,1079,585,197.33,137.0,37.0,24.5,3,0,1,90,15
a4jzps-zPlo,30,5.6,168,79,65.2,50.5,12.3,7.5,2,0,0,5,5
a7OrIs-C8-c,25,1.44,36,10,50.44,33.0,9.68,7.0,0,0,0,4,4
aFVl1XCUKXs,4,3.5,14,10,107.25,95.0,21.75,18.0,0,0,0,2,2
aLCtABHraoQ,5,3.0,15,11,73.8,78.0,14.0,15.0,0,0,0,1,1
aU-8BbPRqbo,30,40.87,1226,708,156.33,87.0,28.53,16.5,4,0,1,67,20
aWpd9JYyNEs,30,1.03,31,10,111.47,65.5,20.1,12.5,0,0,0,4,4
aYs7b3mWDF0,19,1.21,23,10,64.05,54.0,12.47,10.0,0,0,0,0,0
acBJsjCqgtM,30,201.57,6047,4096,80.9,66.5,13.97,12.0,3,0,1,118,23
ae9qy-7lBmo,30,11.63,349,89,293.3,274.0,52.17,45.5,0,0,0,13,8
afqX-TiMN9M,29,3.79,110,30,151.21,59.0,27.14,11.0,1,0,1,6,6
agK0hj2ZhuQ,30,46.5,1395,642,348.43,261.0,60.1,44.0,4,0,1,39,19
akoe4kn00xw,23,9.17,211,78,46.83,29.0,8.26,5.0,4,0,1,11,8
alLf0hN5JsQ,30,316.87,9506,5870,129.93,135.0,22.67,26.5,5,0,1,72,19
aofW3iAjODY,17,1.0,17,5,86.65,35.0,16.24,8.0,0,0,0,4,4
apUfuncht_4,30,58.33,1750,518,129.1,101.0,22.8,17.5,7,0,1,32,20
avih_knbVjA,15,4.2,63,20,64.13,48.0,12.2,9.0,1,0,0,8,6
awnn-bqV_Tw,30,92.83,2785,995,123.93,53.5,22.27,8.5,7,0,1,59,22
b2lBUkZV4Xs,16,4.06,65,47,92.12,50.0,15.06,9.0,1,0,1,7,7
b7o09a7t4RA,30,473.83,14215,6203,73.77,51.5,13.43,9.0,6,0,1,60,25
bEUZTZ6kBBs,10,2.7,27,9,56.7,61.0,12.1,12.0,0,0,0,0,0
bH4RKOqAe-w,30,43.93,1318,724,105.9,85.5,19.3,15.5,2,0,1,39,18
bXLZ8I7s8tw,30,67.93,2038,895,116.33,96.0,20.63,17.5,5,0,0,37,21
b_VPkTYmI_g,30,211.07,6332,3002,293.6,157.5,54.67,25.0,4,0,1,119,25
bfk80hDfLXU,30,26.13,784,268,110.87,91.0,19.97,15.0,3,0,1,12,11
bg242QzbfNc,30,17.8,534,196,205.93,92.5,37.0,16.5,1,0,1,7,7
bjCDZWE-VHo,30,244.83,7345,2815,130.53,36.0,23.8,6.5,2,0,1,91,23
bobphaq2dYA,30,12.9,387,198,127.07,103.5,23.13,19.5,1,0,0,0,0
bpikCLhpIRY,30,94.6,2838,1333,107.57,63.0,18.97,11.5,1,0,1,70,21
bvTkOIkiYu0,30,2.03,61,26,136.43,71.0,25.23,13.5,0,1,0,2,2
bxN35AD2VCM,30,2.37,71,34,57.3,46.0,10.5,9.0,4,0,0,12,12
bxxyPoQthsU,21,3.67,77,31,159.24,86.0,28.95,15.0,2,0,1,7,6
c2xCh0d5YS0,12,1.83,22,12,86.92,24.0,16.58,5.5,0,0,0,0,0
c4HYn5UvNik,30,3.07,92,27,88.03,47.5,16.17,10.0,1,0,0,8,8
c5o1I7S7_Iw,29,2.86,83,29,54.55,40.0,10.52,8.0,0,0,0,11,7
cGWBXeNC_JU,9,8.78,79,56,91.89,64.0,16.89,10.0,0,0,0,7,5
cMTNtVCijuE,29,2.41,70,41,87.17,64.0,16.03,12.0,3,0,0,7,7
cNCw0ovtolQ,30,4.63,139,73,203.3,129.5,38.17,25.0,1,0,1,3,3
cTH824WnA3U,30,21.6,648,241,124.2,92.0,22.93,17.0,0,0,0,11,11
cYyIpzlkq7E,30,273.67,8210,2962,67.1,39.5,12.1,6.0,7,0,0,64,22
c_DOG_mXz5w,30,69.8,2094,794,147.47,100.5,27.13,20.5,3,0,1,75,17
cgmcC0UDlR4,30,1.87,56,17,94.43,62.0,17.5,12.5,0,0,1,4,4
cjPWFTtn5wM,30,93.9,2817,970,311.73,146.0,52.47,24.0,6,0,0,57,20
cn8erxA7DHI,30,5.7,171,26,107.67,71.0,19.4,13.0,1,1,0,4,4
comn5IcqvSY,30,18.17,545,277,107.07,83.5,20.3,16.0,0,0,0,34,14
cqyHd3lR7C8,30,14.57,437,209,101.77,63.5,18.47,13.5,0,0,1,12,11
crlmayHPkw4,25,6.24,156,39,226.44,99.0,41.68,17.0,3,0,0,14,14
cs7TCNDQy1E,30,224.03,6721,2723,61.23,54.0,11.13,9.5,4,0,0,87,22
d-bbJUQ_Vro,30,77.4,2322,781,113.63,72.5,21.03,13.5,3,0,0,58,23
d2JPEDpMiw8,30,29.6,888,404,132.93,92.0,23.93,17.0,2,0,1,44,19
d2sMEE1NrFc,30,3.8,114,38,69.53,46.5,13.4,10.0,2,0,0,9,8
d5EUzuV9IjU,30,117.47,3524,1610,88.9,52.0,14.93,8.0,4,0,0,41,24
dDfk8Uoyz60,16,1.94,31,14,64.69,34.0,11.44,7.5,0,0,1,2,2
dE-wvWdM6jY,30,204.5,6135,1917,114.43,74.5,20.33,12.5,5,0,1,81,24
dIqdSDNHT3I,30,24.33,730,303,80.47,65.5,14.23,12.5,1,0,1,14,14
dPOX5SxcWUo,30,16.5,495,161,99.1,97.5,17.73,18.0,2,0,0,10,8
dS1-617dK04,5,2.8,14,6,53.4,67.0,9.8,12.0,0,0,0,0,0
dSbb1NNEIu8,13,3.77,49,23,81.15,34.0,13.85,6.0,0,0,2,4,4
dbN2Zvn0npw,30,79.63,2389,740,96.03,41.0,17.27,7.5,4,1,1,40,21
dlHVOkx403E,21,1.95,41,22,233.24,125.0,42.71,21.0,0,1,1,3,3
dlKBmzQbiyU,30,422.5,12675,6106,101.73,56.0,18.87,10.0,3,0,1,74,21
dsS2wg2Y39c,30,349.83,10495,5065,78.77,70.5,14.17,13.0,1,0,1,68,25
dtxU2z0Q1TA,30,6.83,205,129,77.1,57.0,14.4,12.0,1,0,1,7,6
dx2XP_Oo6do,30,47.13,1414,883,118.77,90.5,20.77,17.0,5,0,1,29,19
dxRmw5ZumU0,30,30.73,922,430,96.23,56.5,17.1,12.0,0,0,3,17,14
e05DfV1Wyv0,29,0.9,26,5,77.52,60.0,14.69,12.0,0,0,0,7,7
e108RLHXi6E,30,135.23,4057,2582,104.53,55.5,18.43,10.0,8,0,0,60,22
e4yXab6Zc9A,30,23.0,690,387,120.97,88.0,22.73,15.5,0,0,0,22,7
eBVlVfAMtWc,30,14.8,444,101,176.23,114.0,32.33,20.5,0,0,1,21,15
eENUPfSvuuE,30,108.87,3266,1218,79.0,41.0,13.67,8.5,3,0,0,83,20
eFij9KekdVc,30,174.73,5242,2210,122.03,125.0,21.63,21.5,4,0,1,27,17
eGXbCUXAKYs,30,160.1,4803,1857,75.9,44.0,14.13,8.0,2,0,1,99,25
eGdn6FTIF5I,30,76.77,2303,868,208.1,77.0,37.2,14.5,1,0,2,26,20
eIs1u5MAel4,9,4.33,39,19,101.11,65.0,19.89,13.0,0,0,1,2,2
eJgcxYMhdoU,30,9.17,275,78,178.3,129.5,31.17,23.5,1,0,1,7,7
eOamw4SB5T8,22,2.95,65,12,63.14,32.0,11.59,5.0,1,0,0,3,3
eTFO8CCcjfk,15,2.93,44,19,114.73,72.0,22.0,14.0,1,0,0,5,5
eUIw9TZBIV8,30,12.2,366,108,106.7,70.5,19.2,13.5,2,0,0,15,15
eWEsR61WeCo,30,5.47,164,40,51.23,34.0,9.4,6.0,0,0,0,4,3
ecKHOHmPq1g,15,3.47,52,12,80.4,45.0,14.33,9.0,1,0,0,1,1
elAFB0HSBgo,30,38.53,1156,516,225.87,188.5,40.47,37.0,2,0,1,23,17
en0DSEsL-Ho,10,2.6,26,16,60.7,31.0,10.9,5.0,0,0,0,1,1
epF2SYpWtos,30,89.77,2693,811,112.73,81.0,21.1,13.5,7,0,2,62,21
f6_14nLUWOs,25,3.8,95,51,204.04,170.0,39.48,30.0,2,0,0,5,5
f7Lfukf0IKY,30,25.13,754,174,128.83,94.5,24.6,18.5,2,1,1,16,16
f8BqU9wUbP0,30,5.67,170,74,68.87,35.5,12.1,7.0,3,0,0,8,8
fBTi1zuQAIQ,30,81.1,2433,1120,104.4,84.0,18.87,14.5,6,0,0,24,22
fBXnxlLR0PY,30,380.6,11418,3514,154.8,78.5,27.27,13.5,4,0,1,69,23
fDbxPVn02VU,30,934.27,28028,12910,86.0,38.0,14.97,6.5,6,0,1,112,25
fDm1KLlQ4wM,30,128.03,3841,2822,138.73,83.5,23.97,15.0,3,0,1,29,15
fKNiV9UHPPo,30,311.47,9344,3541,110.0,36.5,18.63,8.0,4,0,1,69,24
fMir7L1oauQ,28,2.96,83,51,67.25,53.0,12.36,8.5,1,0,0,6,6
fVkc5hr_FhA,30,18.5,555,161,87.7,64.5,16.4,12.0,1,0,1,18,13
f_3IrUKQAQ8,12,3.67,44,16,110.92,89.5,19.25,16.5,1,0,1,3,3
fpDRfTRIQKE,9,2.67,24,15,31.22,16.0,5.89,4.0,0,0,0,0,0
fqrlnya9qN8,13,4.46,58,27,75.38,37.0,14.85,7.0,2,0,0,10,8
fsL6q-yij8I,30,31.37,941,358,233.6,102.0,39.97,18.5,1,0,1,15,12
g4ukmp-hn8Y,14,1.64,23,5,58.71,55.0,11.57,11.0,0,0,0,2,2
g8xM_hYEjU8,11,3.64,40,20,85.73,72.0,14.73,14.0,0,0,0,4,4
g9MlNSD8oaE,30,538.2,16146,12660,75.37,70.5,13.27,11.5,2,0,1,90,24
gC21pHr7Gl0,17,1.06,18,5,100.76,46.0,18.88,8.0,0,0,0,2,2
gE50m_-tL6s,10,2.0,20,10,86.0,78.5,16.3,14.0,0,0,0,2,2
gEv8eAjdB2w,30,16.2,486,189,60.63,52.0,11.9,11.5,1,0,0,8,8
gFQNPmLKj1k,30,127.67,3830,1045,154.6,138.0,27.67,25.0,2,0,1,71,23
gGZ3uO2p5qY,30,161.4,4842,1708,68.63,57.0,12.47,10.5,3,0,2,33,23
gHhmrEBZmLk,30,8.13,244,137,61.17,40.5,11.27,7.5,0,0,0,1,1
gIFSSmCkFEw,30,88.27,2648,915,134.7,86.5,22.6,14.5,7,0,1,83,24
gOyZTD1UP60,30,30.0,900,348,73.8,46.5,13.43,9.5,4,0,1,195,25
gP-C_utcBdY,30,1.97,59,18,87.1,67.0,15.87,12.0,1,0,0,6,6
gWFCy-pWeDo,30,141.4,4242,1241,65.0,30.0,11.87,5.0,1,0,1,37,22
gY8MWe0CGqc,15,5.93,89,39,60.8,33.0,9.73,7.0,0,0,1,1,1
gcGquCZxsJc,30,89.63,2689,1390,109.83,63.5,19.53,11.5,5,0,1,87,23
gerkxmXAhdI,30,47.73,1432,528,88.47,51.5,14.73,8.5,5,0,1,39,23
gl10e0Dn_7c,29,7.45,216,119,142.07,122.0,26.21,22.0,5,0,0,21,13
gpEzAnz5h2U,30,15.8,474,164,175.63,147.5,30.8,25.5,0,0,0,17,12
gtRqbbiWU30,30,55.0,1650,813,119.63,90.5,21.87,18.0,4,0,1,43,22
gtXHePXjVlE,30,36.8,1104,522,98.67,72.0,18.13,14.5,4,0,0,19,12
h-mxesCotgs,30,553.13,16594,9379,68.87,26.5,11.93,5.5,0,0,1,157,22
h-q8SnKN4p0,14,3.43,48,24,53.29,42.5,10.43,8.5,0,0,1,1,1
hBEKGBLAB80,30,44.6,1338,578,135.53,76.0,23.77,12.5,1,1,1,28,20
hFBguRaBnVs,11,3.09,34,13,100.09,41.0,19.64,8.0,0,0,0,0,0
hI43prriJNQ,30,109.53,3286,1792,92.83,72.0,16.13,13.0,2,0,1,19,18
hIDDk_aDflI,30,44.73,1342,576,123.63,85.0,22.53,17.0,3,0,1,28,16
hJZ5v7dpKKM,30,56.57,1697,588,112.47,85.5,18.7,15.0,0,0,1,38,19
hOoka6WN0L0,13,4.0,52,15,36.54,27.0,6.85,5.0,0,0,0,2,2
hRx1ShvWWeI,30,426.27,12788,3630,49.8,35.5,9.53,6.5,2,0,0,45,22
hXP5fUfBGQQ,30,45.5,1365,473,176.83,114.0,32.67,19.0,4,0,1,35,21
hXkiAfjFtgU,30,122.47,3674,950,234.97,127.5,34.1,23.0,2,0,1,85,17
hY9CuX6Hwl4,24,3.38,81,57,50.71,34.0,8.42,6.0,1,0,1,4,4
h_vEA7SWEzs,30,11.17,335,122,101.77,78.0,18.7,13.0,2,0,1,4,4
hcz1Q4gweYQ,30,20.23,607,95,185.4,114.5,33.8,20.5,2,0,1,26,17
hdabng2B9vU,30,125.63,3769,1979,58.63,46.0,10.6,8.0,1,0,1,13,12
heN8Zo8f45I,23,5.57,128,75,69.52,48.0,12.3,9.0,3,0,0,10,8
hly9Ekte8zY,30,4.33,130,29,173.9,139.5,31.47,26.0,1,0,0,8,8
hoGIdhIsdoU,28,6.43,180,71,64.43,47.0,11.5,10.5,1,0,1,6,6
hqy6W2R2R-Q,6,1.5,9,4,80.67,71.5,14.67,14.0,0,0,0,1,1
hv1gOEY3cs4,30,273.33,8200,2674,167.83,62.5,31.23,12.0,4,0,0,93,23
i2Fm4hyZTMc,30,82.1,2463,675,84.17,66.5,16.1,13.5,4,0,0,18,17
i4CbZXViVTA,30,74.0,2220,722,112.07,53.0,19.9,9.5,3,0,0,45,19
i5rt8-YxfU8,16,2.38,38,19,122.19,35.5,22.25,7.5,2,0,0,5,5
i6jjc9tfwt8,30,50.8,1524,351,142.87,103.0,25.93,19.5,5,0,1,74,22
i6r2r2JYWYY,30,3.8,114,64,125.1,58.5,23.37,10.5,2,0,1,8,8
i7awefFU_Hg,30,21.8,654,228,170.73,120.5,31.33,23.5,0,0,0,10,10
iBM0PToZ2VM,30,12.7,381,209,177.67,144.5,33.7,27.0,1,0,0,11,6
iGeDiXtJTRs,30,23.47,704,131,150.97,111.0,26.03,19.0,4,0,0,23,16
iIdqPeI-Po0,27,6.85,185,44,63.74,56.0,12.11,10.0,0,0,0,11,11
iIyDJK_SAjs,30,192.5,5775,1809,153.37,67.0,27.97,12.0,2,0,2,53,23
iNI-1Vy6WM4,30,100.83,3025,1414,107.2,39.5,19.73,8.5,1,0,0,58,23
iONDebHX9qk,30,377.8,11334,7976,57.47,23.5,9.4,4.5,0,0,2,104,24
iQJuv7tmAJQ,12,1.5,18,7,79.83,47.5,15.5,9.5,0,0,0,1,1
ii6V_-svh28,30,35.57,1067,298,150.87,123.5,27.03,23.0,0,0,0,2,2
ij1IKwE2MgM,30,6.63,199,48,64.07,46.5,12.73,9.0,0,0,0,4,4
ijOuQh_ZRcU,30,41.67,1250,410,160.6,66.5,29.57,10.5,3,0,2,21,16
iuHuxX22OOQ,30,62.43,1873,643,101.13,75.0,18.33,14.5,6,0,1,47,22
iw425d9irZ4,30,66.7,2001,570,77.47,65.0,13.7,11.5,3,0,0,22,19
j1FSDHfQaq8,18,3.89,70,34,34.11,29.5,6.67,5.0,0,0,0,2,2
j2nlqXd4duY,30,21.27,638,256,48.1,49.0,8.47,8.0,1,0,1,9,9
jAPPP7SE824,30,8.6,258,133,75.0,34.0,14.37,6.5,0,0,0,64,11
jAV21UB_AqQ,30,2.47,74,24,102.6,59.0,19.47,11.5,0,0,1,2,2
jFACcujmdE4,30,51.6,1548,567,130.1,101.0,23.77,20.0,2,0,0,15,10
jFlYIwM_Rco,30,7.17,215,163,164.37,106.5,29.5,19.0,0,0,0,1,1
jP1uwBcpUeE,30,5.4,162,29,166.8,112.0,30.53,18.5,1,0,1,8,7
jPlRjI63qKA,30,64.83,1945,731,119.2,58.5,21.07,10.5,2,0,1,55,19
jQQvmKGligQ,8,2.12,17,5,61.12,67.0,10.88,10.5,0,0,1,1,1
jb2s_FHBgt0,30,1.53,46,19,84.7,78.5,15.77,14.5,0,0,1,0,0
jcSYlmIOOBg,30,76.73,2302,1070,74.07,69.0,13.0,13.5,3,0,1,28,19
jeSkdpQQtz4,30,53.27,1598,666,92.53,43.0,16.3,7.5,5,0,1,42,23
jritw4L1A_4,6,0.5,3,2,106.17,44.0,20.33,8.5,0,0,0,0,0
jtwNXaU_Efs,30,35.4,1062,506,63.5,52.0,11.97,10.0,2,0,0,12,9
k0WvM8ZezVU,14,3.79,53,25,113.14,67.0,22.07,13.0,0,0,0,1,1
k0mt4IbpVl4,30,53.6,1608,404,635.4,220.0,116.8,38.0,4,0,1,33,21
k41Mq8-Axzk,30,40.93,1228,681,106.03,84.0,18.9,14.0,2,0,1,16,14
k5-QN35AJq0,30,30.87,926,193,179.13,117.5,31.77,22.5,3,0,1,13,9
k5A26Sc63F0,30,401.5,12045,4450,105.9,60.5,14.9,9.0,4,0,1,66,24
kM0ZADKIXU8,30,586.93,17608,11004,123.5,48.5,21.57,8.0,2,0,2,121,25
kQA27U_K_UE,30,34.67,1040,431,173.87,115.0,32.1,19.5,3,0,0,27,19
kWlpq7ymUs4,30,6.8,204,112,59.5,39.0,10.73,7.5,2,0,1,10,9
kX0sHQfjETY,30,21.03,631,163,158.3,119.0,29.53,20.0,0,0,0,7,7
kZtUOrxw9FU,9,1.0,9,3,79.22,35.0,14.22,5.0,2,0,0,4,4
k_K9MbqNhA0,30,46.23,1387,399,114.57,99.5,20.33,18.5,0,0,1,20,14
kew5A3hGsA4,24,2.29,55,25,132.08,72.5,24.88,13.5,4,0,1,13,13
kfxiIG8ZD9g,30,9.93,298,75,229.7,152.5,41.83,26.5,3,0,0,20,13
khQomXNzhkE,30,23.23,697,442,94.17,60.5,17.67,11.0,1,0,0,14,11
klNcDXObWj0,15,1.67,25,8,64.67,58.0,12.2,9.0,0,0,1,0,0
knPdMQ44jKc,30,69.33,2080,596,183.7,141.5,33.4,26.0,0,0,1,15,15
ko8tl0657yI,26,3.85,100,43,65.12,50.5,11.58,8.0,0,0,1,6,6
koeyouLqy3M,6,0.67,4,2,65.67,46.0,12.83,9.5,0,0,0,0,0
kxBs0Vr1aJ0,30,48.7,1461,513,382.27,76.5,71.13,14.5,7,0,1,59,24
kyja7LEyffM,30,4.43,133,49,91.37,73.0,16.37,14.5,5,0,1,12,12
kzAuvOr-YsM,30,98.03,2941,1179,93.23,49.5,17.0,8.5,1,0,1,35,21
l-0FD5NDWLU,30,17.63,529,137,258.87,120.0,44.63,22.5,0,0,1,8,3
l2DeCc0GkBg,30,63.63,1909,720,116.1,72.0,21.67,14.0,2,0,1,18,14
l3hOrfLuxU0,30,127.73,3832,1720,131.23,53.5,23.47,9.5,3,0,0,25,22
l5nr-SnRsK8,30,58.73,1762,658,127.07,101.0,22.27,18.5,8,0,0,57,22
l6BoSORXCUg,30,105.87,3176,1319,162.73,84.5,29.6,17.0,5,0,1,35,22
lCrMAtbBUJA,30,68.77,2063,971,81.2,47.5,14.97,9.0,3,0,1,54,23
lFAm7HZ8gTg,30,10.77,323,195,193.7,205.5,35.23,37.0,0,0,0,6,6
lJ6n52Lsjfo,30,33.83,1015,369,119.73,99.5,22.8,17.5,4,1,1,22,18
lKYBB-Uw1IM,30,79.13,2374,971,127.9,114.0,23.2,19.5,2,0,0,17,16
lMsCUWL-VpE,30,5.4,162,46,97.17,67.5,17.83,12.0,2,0,0,8,8
lNdOtlpmH5U,30,273.4,8202,6093,181.23,178.5,31.03,32.0,2,0,1,119,25
lhpY1frNqdA,30,335.37,10061,4858,90.6,53.0,15.57,9.0,5,1,1,86,23
lmCaQxk4b8c,30,38.3,1149,359,270.87,69.5,45.0,13.0,2,0,1,28,22
lpkC5h-5Pmk,30,8.77,263,90,70.2,52.0,12.93,9.5,5,0,1,17,15
lqHxGRzGZMg,7,1.86,13,7,62.0,63.0,10.0,12.0,1,0,0,3,3
lrZQz2O91JY,15,1.8,27,12,75.4,45.0,14.67,10.0,0,0,0,2,2
m5zulBuEG_0,5,1.2,6,3,136.0,54.0,27.0,13.0,0,0,0,0,0
mBTPvvgRICQ,30,93.43,2803,849,184.1,164.0,30.13,25.5,1,0,1,42,25
mCV9KJiTQps,30,68.73,2062,424,89.17,69.5,16.53,12.5,3,0,0,16,16
mCjjHgLzdN8,11,1.64,18,8,85.27,90.0,15.0,17.0,0,0,1,0,0
mIG9-zUHJR0,9,1.44,13,4,78.44,49.0,16.33,10.0,1,0,0,2,2
mSTWHQ5NDIg,30,186.2,5586,2181,88.87,50.0,16.87,8.5,2,0,1,53,24
mUvq1vmpE70,15,7.0,105,62,74.4,39.0,12.27,7.0,2,0,1,7,6
mVR_nLBeS24,30,95.43,2863,1066,256.57,121.0,48.63,23.0,3,0,1,69,20
mWEbD-cH8XA,9,0.44,4,2,71.0,61.0,13.0,12.0,1,0,0,3,3
mWOE1zjr1S4,30,65.93,1978,893,91.27,54.0,17.2,10.5,4,0,0,25,19
mWQTgSt7GeU,30,109.1,3273,891,100.93,51.0,18.13,8.5,1,0,0,44,18
mZOVLrLXKCE,30,217.5,6525,2611,100.57,38.5,19.33,7.0,0,0,0,43,22
m_Rz7mY8Lyc,30,18.47,554,206,87.27,64.5,16.03,11.5,0,0,1,23,13
mcitELserqk,30,567.87,17036,8645,79.03,55.5,14.03,10.0,3,0,1,134,23
meMJdfytNI0,30,91.77,2753,1211,78.57,27.5,13.07,4.5,0,0,1,247,25
mjZpMgzs3qY,13,2.38,31,17,54.77,27.0,10.08,6.0,0,0,0,1,1
mk2nA76CUP0,30,30.43,913,248,146.77,73.0,27.2,14.5,0,0,0,11,11
mlXGxBMKj0U,30,15.23,457,299,55.07,37.0,10.4,7.0,2,0,1,11,11
mvkOjh65tI8,30,1.7,51,18,95.97,45.5,17.97,10.0,0,0,0,2,2
mwGFRi4kLRQ,25,6.64,166,45,98.76,64.0,18.4,12.0,1,0,0,10,9
n2czIPRE0Nc,30,45.57,1367,750,151.47,108.5,26.93,18.0,0,0,1,20,18
nAXY89s0t4E,30,15.33,460,115,150.13,100.5,27.6,15.5,4,1,0,14,13
nG86wod3GGc,9,2.56,23,19,64.22,49.0,12.56,10.0,0,0,0,2,2
nIv1J5O15To,30,115.17,3455,866,306.3,70.5,55.87,13.0,2,0,1,35,20
nQTH4OBc8qI,19,4.53,86,39,78.05,40.0,15.21,7.0,0,0,1,1,1
nQggHK36gK8,30,243.17,7295,5093,162.27,108.0,31.07,20.0,1,0,1,72,21
nQyuCT_zzok,30,9.8,294,78,126.83,89.5,21.2,16.0,1,0,1,6,6
nTookJPZiTU,10,1.8,18,11,45.4,39.5,8.9,7.5,0,0,0,1,1
ngWZaSbw130,30,24.73,742,242,235.0,147.5,41.67,23.0,6,0,0,28,20
nk_Pfxmqn6g,30,220.53,6616,2869,70.1,38.5,12.47,5.5,2,0,3,85,21
nl8LQrbMdqQ,30,585.5,17565,6068,46.03,41.5,8.73,8.5,6,0,1,115,24
nn7TPSNOef0,30,17.93,538,111,126.33,101.5,23.43,17.5,2,0,0,5,5
npkwUeQYGj8,30,26.0,780,218,223.67,166.0,40.13,29.0,4,1,1,12,11
nr-b8nnihwY,3,2.0,6,2,26.67,4.0,5.67,2.0,0,0,0,0,0
nsUL3sRh6Ek,30,91.87,2756,711,56.43,55.5,10.73,8.5,3,0,1,37,20
nx8wnXdEYG8,6,0.67,4,2,79.17,54.5,15.33,11.5,1,0,0,0,0
o1dFc2oVkPQ,30,32.87,986,631,77.73,64.0,14.63,12.0,2,0,1,14,14
o4qiwWFdZ_U,30,102.3,3069,1249,60.0,42.0,11.2,8.5,3,0,0,38,23
o6YxGbQU65Q,21,3.52,74,30,28.43,13.0,5.38,3.0,2,0,1,5,5
oCp3aWlPumE,9,0.89,8,5,42.89,44.0,7.89,9.0,0,0,0,2,2
oDlKxzzNOPI,30,27.9,837,355,119.0,42.5,21.93,7.0,1,0,0,17,16
oFBdXVnGgx0,16,3.75,60,23,70.44,56.0,12.94,10.0,0,0,0,1,1
oFRdwK57dYY,30,42.47,1274,515,122.67,56.0,21.5,10.0,2,0,1,25,18
oHjMygB8y4k,9,2.0,18,3,89.56,94.0,18.22,20.0,0,0,0,1,1
oZQpi0IiNRE,20,2.45,49,30,105.45,68.5,19.65,12.5,1,0,1,6,6
o_F82o-0IoY,9,1.22,11,3,48.56,40.0,9.33,7.0,0,0,0,0,0
oiVQsL7RDz8,16,1.75,28,7,172.19,82.5,30.94,16.5,1,0,1,2,2
ombpvrlglfU,30,43.63,1309,701,175.47,130.5,31.43,22.0,0,0,1,14,9
otxGkoE8AZM,30,6.67,200,47,92.2,30.0,16.37,6.0,1,0,0,10,10
oxW5ezFPElU,30,14.73,442,195,69.73,43.0,12.97,10.0,0,0,1,11,11
ozWseKZV6Ac,30,41.13,1234,688,154.03,93.5,28.3,17.5,1,0,1,21,19
ozboOgVAT1o,10,1.4,14,9,51.6,32.5,10.4,6.0,0,0,0,0,0
pGFUW8AGrnQ,24,0.83,20,7,121.33,55.0,21.79,10.0,0,0,1,1,1
pL3lCNCffgg,30,235.8,7074,2998,134.33,85.5,24.93,15.0,1,0,1,140,23
pN-QzM_pflM,30,11.73,352,102,113.17,53.5,21.03,12.0,0,0,1,8,8
pNMBZHoNBWg,30,59.53,1786,868,108.07,83.5,18.57,16.0,5,0,1,20,12
pNcTkGQOKO8,30,7.57,227,102,64.73,52.5,11.73,10.0,0,0,1,6,6
pPKJ_Pk9zZs,30,86.23,2587,785,270.53,145.5,48.33,23.5,3,0,1,37,22
pSCbhBTaugk,24,2.46,59,24,63.29,48.0,12.38,10.0,0,0,0,7,7
pTIGIhGSrso,30,285.7,8571,4497,88.5,54.5,15.37,9.0,8,0,1,95,23
pUmuBfkqBY0,30,264.3,7929,2822,107.47,64.5,20.2,12.0,4,0,0,68,23
pVg2WvEtEWQ,30,70.1,2103,981,83.3,48.5,15.57,9.0,4,0,0,34,14
pXtJYwhsdkU,30,108.8,3264,1364,117.87,98.5,21.03,18.5,4,0,1,42,16
pY12uaPpz7k,30,3.33,100,64,48.17,48.5,9.3,8.0,0,0,0,1,1
pZxdnjj4kvk,28,4.14,116,56,61.79,47.5,11.61,9.5,0,0,1,6,6
pcvcKIHGtGs,30,61.43,1843,740,107.13,62.5,17.43,9.0,6,0,4,82,20
piUicyb_F1A,30,47.03,1411,619,100.6,65.5,18.37,11.0,2,0,1,20,16
poc4ctbnDYA,30,83.87,2516,959,137.5,70.0,23.03,13.0,5,0,1,61,19
pqUxibdbv38,30,223.43,6703,2153,71.37,29.0,12.7,6.5,1,0,1,121,25
pxAeLaGGjgg,4,0.5,2,2,62.25,57.0,12.0,11.5,0,0,0,0,0
pzDSMirut2k,30,81.23,2437,1353,45.23,31.5,8.13,6.0,1,0,1,5,5
q2lBRhswDh8,30,5.43,163,39,119.07,74.5,21.97,13.5,0,0,0,4,3
q4Bc93Itq-c,14,7.43,104,77,123.29,69.0,22.5,12.5,0,0,1,1,1
q58SMId-_Ko,30,83.27,2498,930,221.5,74.0,41.57,15.0,6,0,0,29,19
q9nYIa8b-6c,30,54.67,1640,753,174.5,123.0,29.43,18.0,6,0,1,46,19
qC4O34DJI2o,18,1.17,21,9,126.0,56.0,22.89,8.5,1,0,1,5,5
qCHHdTLKoQ4,15,0.6,9,6,64.2,43.0,11.87,8.0,0,0,0,5,5
qDFdALGJ4dA,30,57.1,1713,610,161.27,142.0,29.07,24.5,0,0,1,42,18
qIvoVXVpi1Q,30,10.83,325,180,137.1,105.5,25.97,19.0,1,0,1,6,6
qSWAFAmzJTE,30,127.87,3836,929,125.43,48.5,22.87,8.0,3,0,1,33,23
qWMK16uYQbU,30,42.57,1277,374,88.3,67.5,15.77,12.5,2,0,1,22,19
qahZf8qF0Xo,16,2.12,34,12,151.88,64.0,28.56,12.0,1,0,0,2,2
qc4GU_wHdqw,30,67.6,2028,1241,136.67,97.5,22.3,17.0,3,0,1,25,20
qcvvZElS088,30,3.47,104,28,119.4,49.5,21.4,11.0,2,0,1,11,10
qfeQt02cg6I,30,41.5,1245,314,119.9,66.5,21.0,12.5,7,0,1,43,22
qffXR9nRO90,30,70.23,2107,970,47.5,33.5,8.93,6.5,3,0,1,50,22
qh75NllzOlU,30,6.67,200,50,245.33,224.0,46.17,40.5,1,0,1,19,11
qjI3BY-8LjY,8,3.12,25,20,27.25,32.5,4.38,4.0,0,0,0,1,1
qlf9-573MhI,30,490.2,14706,4637,124.07,69.0,22.47,14.5,1,0,1,186,23
qr2ZGqtJXvg,15,1.27,19,9,65.33,42.0,12.6,9.0,0,0,0,0,0
qr5tDPJee5Q,17,3.35,57,26,97.0,81.0,17.88,14.0,0,0,0,1,1
qrzGLvLEe4w,30,4.27,128,53,123.57,55.0,23.03,9.0,0,0,1,10,8
qwywV8VhMkA,30,485.5,14565,4560,98.47,36.0,18.33,7.0,3,0,0,73,24
r1CPFmuTi3g,10,1.1,11,4,37.3,19.0,7.2,3.5,0,0,0,0,0
r4MbCNHcYTo,25,2.04,51,33,80.44,53.0,15.0,9.0,0,0,1,3,3
r81St-SLdys,12,1.33,16,7,92.83,88.0,17.42,17.0,2,0,1,5,5
r8I4eVoEiQQ,30,4.23,127,38,129.6,74.0,23.83,14.0,0,0,0,5,5
rAaMMjf7mzw,30,8.6,258,96,68.8,39.0,12.77,7.5,1,0,1,10,8
rApxWtDIRAM,30,104.47,3134,1132,115.67,94.0,21.27,17.5,2,0,1,23,9
rBp73KG1Ej0,30,15.17,455,176,93.27,74.5,16.93,13.0,1,1,1,11,9
rEINNYczPtU,30,120.4,3612,1253,126.17,65.0,23.63,11.5,4,0,1,27,18
rP9gZVTFquM,23,4.0,92,36,97.52,71.0,18.04,14.0,0,0,1,3,3
r_uKCIqf1Fg,30,25.9,777,426,73.2,47.5,12.93,8.5,1,0,1,20,10
rd206umLpk8,30,11.3,339,235,94.63,82.0,16.57,16.0,1,0,1,7,7
re4Cjf_qqLA,30,64.07,1922,555,246.47,108.0,46.1,21.0,5,0,1,22,17
reazJx4INyM,30,37.47,1124,402,60.47,43.5,11.8,9.0,1,0,0,11,10
rg3159C3TW4,13,2.15,28,16,58.69,43.0,10.85,8.0,0,0,1,0,0
rjcejdY_iNU,30,10.97,329,77,167.53,117.5,29.47,21.5,1,0,1,10,10
rkRN_Z2UKGg,30,74.4,2232,902,71.4,54.5,13.6,10.5,6,0,0,28,13
rkYackmjl5U,8,5.88,47,26,57.0,59.5,11.62,12.0,0,0,0,0,0
rs2BRk-RMJA,12,1.58,19,14,119.33,87.5,22.58,16.0,0,0,0,3,3
rvuXtQILJcM,10,5.8,58,28,71.4,53.5,13.4,11.5,0,0,0,1,1
s3vVUq2520U,30,136.33,4090,1469,187.6,60.0,34.2,11.5,3,0,1,50,24
s5nrAKLZgMM,30,203.1,6093,2447,55.03,45.0,10.37,8.0,6,0,0,95,22
s6NR6YQcxyA,22,2.73,60,9,76.18,67.5,14.82,13.5,0,0,0,4,4
s8qBH35r374,24,2.5,60,11,107.12,69.5,19.21,12.0,3,0,1,8,8
sBba4MGPc2U,30,372.27,11168,7150,86.3,56.0,16.23,10.5,4,0,0,73,22
sDFe-OJmVXc,11,1.27,14,10,73.27,83.0,14.27,15.0,0,0,0,2,2
sFP-QelRmlM,15,2.67,40,20,103.2,44.0,18.4,9.0,1,0,1,5,5
sHGRbM2txoI,30,9.77,293,104,128.7,69.0,22.17,13.0,3,0,1,15,13
sJeWfYLawaQ,30,209.67,6290,1875,64.7,46.5,12.0,8.5,4,0,1,132,22
sL5XWO2Z-yw,30,10.87,326,94,139.37,111.5,24.33,20.0,0,0,1,5,5
sLP4OwS7yoA,18,1.44,26,11,94.06,64.5,18.0,13.0,0,0,0,2,2
sMu1m57KYGI,30,47.63,1429,638,167.77,97.0,30.87,19.0,3,0,1,31,13
sV5eDJib4HE,30,55.3,1659,477,129.07,91.5,23.87,17.0,3,0,1,31,19
sXahbxP_PQc,30,2.23,67,14,99.0,51.0,18.17,9.5,1,0,1,7,3
sYaSJpIGzu8,30,55.3,1659,512,169.7,83.0,31.2,15.5,3,0,1,77,23
safNI7BcYZ8,8,1.38,11,5,75.62,48.0,14.0,10.0,0,0,1,0,0
sbmOqiE_lus,19,2.47,47,17,63.26,37.0,11.89,7.0,0,0,1,0,0
scy3I-i7H-M,30,52.6,1578,473,141.93,96.0,26.0,18.0,4,0,0,19,17
sdhmijg7oRY,30,90.13,2704,1611,110.1,74.0,19.53,13.0,2,0,1,68,18
se2dPdzxQ5E,19,1.84,35,14,87.47,58.0,16.16,11.0,0,0,0,1,1
seXu3jYxs0Y,30,31.8,954,250,181.53,74.0,33.43,14.5,3,0,1,34,19
sj23hsw5oqE,30,24.7,741,382,192.93,99.0,34.73,17.5,4,0,1,24,13
slZ_qQTC6fI,30,6.77,203,105,95.03,69.0,17.47,11.5,2,0,1,8,8
suOfjK35-8E,30,35.93,1078,426,121.27,67.5,21.73,12.5,5,0,1,34,23
szY6c1HcpuI,30,5.5,165,73,38.13,36.5,6.9,6.0,0,0,0,4,4
t-oxoHAUSR4,30,124.1,3723,1015,117.9,59.5,22.13,13.0,2,0,1,67,20
t0VqCDP0rnQ,30,23.47,704,472,179.2,114.0,31.5,21.0,3,0,0,13,8
t0ZizPL4zXU,19,4.37,83,30,93.16,54.0,17.21,10.0,4,0,0,11,11
t5CgCfetsiE,18,3.67,66,12,77.39,65.0,14.72,12.0,0,0,1,2,2
t6GPiy7fuEQ,30,246.4,7392,2754,73.43,17.5,13.4,3.5,1,0,1,50,25
tBANvzdbY_s,26,1.69,44,14,50.88,23.5,9.65,5.0,0,0,0,0,0
tH_Jriu7XkU,30,388.17,11645,4422,36.33,21.5,6.97,4.0,1,0,0,51,23
tI1Gaz47vPo,12,0.83,10,3,46.92,17.0,8.42,3.5,0,0,0,1,1
tIdU4Sw6a5Y,30,204.53,6136,2601,78.93,42.5,15.27,8.5,2,0,0,31,21
tJDgQv_W15s,7,3.57,25,11,44.86,45.0,8.14,8.0,0,0,0,0,0
tJtP4hicXYk,2,0.5,1,1,54.0,54.0,12.0,12.0,0,0,0,0,0
tM2iMYMpRbU,30,69.8,2094,767,83.53,39.5,15.0,7.0,2,0,1,74,20
tNst8wHB6kU,30,386.6,11598,4106,92.23,67.0,16.23,11.0,4,0,1,54,22
tQCKsyQO-lY,30,4.77,143,52,110.63,70.0,21.73,15.0,2,0,0,4,4
tQSKyvjsUuI,30,269.97,8099,5576,98.83,44.5,16.93,7.5,0,1,1,159,22
tTexU42KzsI,30,7.27,218,138,113.37,76.0,20.83,13.0,4,0,1,10,10
tU_AXrvQjpo,30,23.3,699,246,159.2,112.5,29.43,20.5,5,0,1,27,16
tUiCZMeY5LM,30,24.0,720,217,95.5,76.5,16.57,13.0,6,0,0,21,18
t_TkT07u7yU,30,18.9,567,272,198.33,121.5,37.0,24.5,0,0,0,1,1
tcRHhiKMzwM,27,12.81,346,124,88.56,58.0,14.81,10.0,0,0,0,77,16
tjjqyiHczcc,30,80.2,2406,919,150.13,66.0,26.97,11.0,3,0,1,43,24
tkHw25cS_bk,30,44.93,1348,358,156.9,133.5,28.87,23.5,1,0,0,11,11
tpB3BMlNrno,30,21.2,636,196,236.97,171.0,43.57,32.5,2,0,1,34,20
tsOtjNdMMaI,12,1.75,21,9,108.42,46.0,20.67,9.0,0,0,0,3,3
tyLu_RQWicc,23,5.78,133,52,69.78,48.0,12.7,10.0,2,0,1,6,6
u0_5VfqXfMc,24,2.29,55,26,38.25,28.0,7.21,5.0,1,0,0,5,5
u2jUmds5ZFU,30,201.83,6055,1581,55.7,39.5,10.13,7.0,1,0,0,21,21
u4KXgbZ96nk,18,3.11,56,48,80.94,73.5,15.56,13.5,0,0,0,1,1
uB1x_qIHPVg,30,2.47,74,22,49.9,31.5,9.57,7.0,0,0,1,1,1
uGB2z2IZS0I,30,104.17,3125,874,146.6,62.0,25.67,12.0,2,0,5,60,23
uHncVNYcICo,27,1.74,47,14,92.41,49.0,17.89,9.0,3,0,1,10,10
uIr8G7C_zgo,30,55.8,1674,505,106.2,86.0,19.77,16.0,6,0,1,29,18
uJgv0XQOehs,30,81.87,2456,786,155.17,90.5,28.8,16.5,0,0,1,37,17
uNQUJ6ezOJ0,30,139.63,4189,1223,122.0,40.0,21.7,9.0,2,0,2,99,21
uQrXLHiFszk,30,102.83,3085,828,101.97,80.0,18.7,14.0,0,0,0,19,18
uSimLIOHxTk,12,1.0,12,7,100.33,35.0,15.92,7.0,0,0,1,0,0
uWhrfeCH9Zg,30,9.8,294,51,174.73,102.0,32.6,19.0,1,0,0,2,2
uY01uhhIuzI,30,9.33,280,67,116.67,88.5,21.7,16.0,7,0,0,19,13
uYTEFWVPx_8,30,20.97,629,273,199.87,176.0,37.7,33.5,1,0,1,17,13
ukLnPbIffxE,30,1202.73,36082,17024,100.57,88.5,17.7,14.5,13,0,1,197,25
ukSniYSWIvU,30,8.5,255,162,158.13,88.5,28.7,16.0,1,0,0,6,5
unityETmypk,30,608.3,18249,10088,66.17,33.5,11.43,7.0,1,0,2,165,25
upcExv17By4,30,5.3,159,28,75.27,54.0,14.17,9.5,0,0,0,3,2
usflTKVErcg,30,108.63,3259,1751,78.13,61.0,14.53,12.0,1,0,1,30,17
v6DexEerT-k,30,111.37,3341,1578,52.97,39.5,8.8,7.0,7,0,1,31,17
vBqOMLd1ZQk,30,14.63,439,150,155.6,82.5,27.43,15.0,2,0,1,16,13
vMJKprNmEEg,6,1.67,10,7,106.33,62.5,21.33,13.0,0,0,0,2,2
vMvQnQ6lnEM,13,1.92,25,9,131.92,54.0,23.08,9.0,0,0,0,4,4
vPckn7g-DX8,30,38.8,1164,246,74.3,33.5,13.67,6.5,0,0,0,14,14
vQBhSZGq6ns,30,221.63,6649,2021,45.2,40.5,8.73,7.5,2,0,0,42,22
vdmg-KAx9yE,14,1.79,25,14,45.64,44.5,8.93,9.0,0,0,0,2,2
vmH3seddlPE,30,47.1,1413,331,144.27,120.0,26.67,22.0,4,0,1,32,17
vqLkvrCxcqI,30,23.07,692,147,234.37,171.0,43.9,32.0,3,0,1,16,13
vuKFwdJF5wU,17,3.53,60,22,309.24,215.0,56.65,42.0,3,0,0,6,5
vuueRRdbi1w,30,88.33,2650,1232,172.03,122.5,31.7,22.5,3,0,1,28,20
vvEjUAgzIa4,30,63.33,1900,858,81.53,57.5,13.67,10.0,5,0,1,20,16
vwMNJGNV0xE,30,292.67,8780,4702,87.4,64.0,15.93,11.0,4,0,1,45,21
vyVpRiqOvt4,30,525.67,15770,7172,85.0,47.0,15.77,10.0,3,0,1,211,24
vz1D0geYCuU,30,3.2,96,48,102.23,75.0,18.7,12.5,0,0,1,1,1
w0zO6Jgjw6U,30,6.07,182,81,215.87,175.5,38.17,33.0,0,0,1,6,6
w47z_wz6XBA,30,128.73,3862,2204,91.47,63.0,16.97,10.0,3,0,0,55,21
wCwMNybfTRA,30,27.3,819,397,40.77,43.5,7.43,8.5,0,0,1,17,14
wD9hMYbijDA,30,226.17,6785,2203,113.93,79.0,21.03,15.0,4,0,1,63,24
wJ-suqzHP20,30,25.53,766,254,241.53,85.0,43.97,16.0,2,0,0,12,11
wNTB5C4DnNQ,30,16.33,490,235,180.8,90.0,32.63,15.0,10,0,1,19,16
wTbKYgUzHkA,30,14.93,448,263,100.83,62.5,18.37,13.0,0,0,1,5,5
wU3Vgky_ycw,30,15.9,477,141,301.0,153.0,54.53,28.5,0,0,1,18,17
w_XIJOlklrs,30,17.6,528,145,132.27,83.0,24.67,13.0,4,0,0,26,15
waIcKo6Fi_w,30,3.5,105,48,53.13,34.0,9.97,6.0,0,0,1,4,4
waR3xBDHMqw,30,876.2,26286,10605,75.63,46.5,13.87,8.0,4,0,0,126,24
waz5UpXZH3o,30,3.83,115,28,49.73,34.5,9.07,7.0,0,0,1,3,3
wfbEoq634ZY,30,304.97,9149,5914,79.27,50.5,15.83,9.0,3,0,0,61,25
wiuEDpZGAw8,8,0.75,6,2,47.12,32.5,9.5,8.0,0,0,0,0,0
wjM_wX_XpnM,15,2.73,41,23,105.53,101.0,19.07,18.0,4,0,0,6,6
wlvxviP-xNg,30,86.27,2588,782,133.43,91.5,25.1,16.5,9,2,0,42,19
wmQt-QM0mbQ,30,235.8,7074,2506,61.37,41.0,11.23,8.0,2,0,1,101,24
wpcVQeF07G4,30,334.8,10044,5283,59.67,42.5,10.6,8.5,1,0,1,61,24
wq4b928Q32g,13,2.23,29,9,98.15,83.0,18.85,16.0,0,0,0,3,3
wqpR9GdId0M,30,91.1,2733,903,127.77,71.5,23.77,14.0,6,0,0,34,20
wsT2bBo4XT8,30,22.57,677,251,168.07,143.5,30.7,29.0,1,0,0,9,9
wvUVQ2r1hvM,30,3.03,91,35,64.1,39.5,12.4,8.0,0,0,0,11,7
x-hGIYZj2Rw,30,69.77,2093,829,76.4,53.5,13.97,9.5,6,1,2,30,22
x40pERU0YaY,30,13.33,400,105,181.3,145.0,33.5,28.5,0,0,0,1,1
xCi1H7mFL3o,5,0.8,4,2,109.0,46.0,21.6,11.0,0,0,0,0,0
xFX-lyLU2X8,30,400.73,12022,3449,74.03,61.5,13.93,11.0,0,0,1,98,24
xHFebdaObWo,30,64.77,1943,740,64.43,40.0,11.17,7.0,2,0,1,31,22
xIx2OQ6E6Mc,30,110.0,3300,1040,160.93,104.0,30.87,18.0,0,0,1,15,11
xS9LPyGbM0E,30,11.17,335,200,155.93,77.0,28.67,13.5,0,0,0,6,5
xT8M90RMsYY,30,223.97,6719,2779,46.87,38.0,8.23,5.0,11,0,1,68,24
xXVnz6t1aMs,30,154.33,4630,1658,81.57,54.5,14.73,12.0,0,1,0,77,21
x_5poMWS-L4,30,730.13,21904,5745,86.13,60.0,16.47,12.0,4,0,0,144,24
xaqO9UfHvYE,30,10.4,312,99,90.77,62.0,16.3,12.5,1,0,1,6,6
xeHYMuAMU7U,18,2.78,50,18,88.72,66.0,16.22,11.0,0,0,0,0,0
xkiKzpuLNmw,25,2.56,64,22,90.8,72.0,16.68,13.0,0,0,0,0,0
xmKjDEvp4HY,30,177.47,5324,2175,127.5,55.5,23.47,12.0,3,0,1,125,22
xxPdTjk7beo,30,66.87,2006,1216,109.63,80.5,20.1,15.5,2,0,1,34,22
y1NKkWELlhQ,30,36.57,1097,340,109.57,72.0,19.97,12.5,3,0,1,26,19
yBP1VjO9RSE,30,483.17,14495,8874,63.0,29.5,11.0,5.5,1,0,1,151,25
yCR26po2Akg,30,87.1,2613,786,35.1,29.0,6.97,4.5,2,0,0,43,24
yGYh_6WdAjA,30,247.07,7412,2631,124.43,86.0,23.03,18.5,4,0,0,57,22
yOC7w8kfsB4,30,115.33,3460,1293,93.57,52.5,17.37,10.0,2,0,3,68,23
yQF3UWHcj3k,27,4.22,114,51,81.74,83.0,15.48,16.0,0,0,0,9,9
yQXjNQnO9EI,10,1.5,15,10,54.8,45.0,11.0,8.5,0,0,0,2,2
yXpTkzzvgSc,7,4.0,28,16,142.57,93.0,25.0,18.0,0,0,0,0,0
yfkc_KaWbsQ,19,3.42,65,13,73.58,38.0,13.84,7.0,2,0,0,7,7
yiRYn97GJhM,30,56.6,1698,376,118.4,91.5,22.0,17.5,4,0,0,12,11
yj0SdVl4FdQ,30,3.97,119,45,93.07,52.5,17.33,10.5,3,0,1,9,9
yjTC5Jbe0ac,30,16.53,496,171,141.03,116.0,25.53,21.5,1,0,0,7,5
ywiSy49yhyU,30,150.63,4519,1818,118.83,60.0,20.83,10.0,0,0,0,70,17
yxF9TGhWPMc,30,44.4,1332,859,173.63,129.0,30.83,20.5,4,0,1,51,20
z2ZJiIt4pmo,30,28.83,865,246,228.53,146.5,39.6,20.0,1,0,1,11,11
z2xKvVNZgL0,18,1.0,18,10,72.78,44.0,14.0,9.0,1,0,0,4,4
z6zQpAVu-Co,20,5.55,111,41,69.6,59.0,12.65,9.0,3,0,1,5,5
zPc0j-Rzo28,30,184.3,5529,1331,40.73,37.0,8.03,7.0,0,0,0,43,21
zVBHOKJgouI,30,56.1,1683,1037,207.57,104.5,38.6,18.0,7,0,1,30,21
zW__u6blbEQ,30,56.3,1689,327,92.0,73.0,17.53,14.5,3,0,0,41,17
zZ45ydPJg_U,30,38.73,1162,761,212.07,98.0,34.93,17.5,4,0,1,28,17
z_0Npoa3lCQ,19,3.37,64,36,93.32,74.0,17.42,12.0,0,0,0,4,4
zbGR03h1uAU,30,24.27,728,416,68.93,48.0,12.43,7.5,5,0,0,8,7
zdR5t5wuRac,19,2.37,45,14,94.84,66.0,17.79,11.0,1,0,0,3,3
zdew7At9S2U,30,54.67,1640,566,156.83,98.5,29.87,18.5,1,0,1,25,13
zghT_p39I6w,13,0.69,9,4,92.31,50.0,17.38,11.0,1,0,0,4,4
zk8lRey9DSk,26,3.0,78,25,45.69,42.5,8.77,7.5,0,1,1,3,3
znYThp26WJo,30,20.67,620,207,70.47,51.0,13.67,10.0,1,0,0,14,11
zvmenZfiPq4,30,7.17,215,106,127.07,71.0,22.33,13.0,0,0,1,4,4
