video_id,like_count_mean,like_count_sum,like_count_std,comment_length_mean,comment_length_std,word_count_mean,word_count_std,total_reply_count_sum
-46Vyiwat_Y,2947.2,88416,8580.54,60.27,48.1,10.5,9.22,223
-6YiD77uWD8,3.0,21,3.56,90.71,80.68,18.43,17.11,0
-7Sl5cnxMxw,99.97,2999,219.44,57.1,39.19,11.0,7.46,18
-8VOMX5JYoQ,68.9,2067,140.2,110.17,104.71,20.03,18.87,23
-ZscZv-IMyI,166.3,4989,440.92,186.83,170.38,32.77,33.1,57
-dw8fYgBK1I,2.36,26,4.08,63.18,38.85,12.64,7.71,4
-evuAUsB0mo,0.8,4,1.1,42.6,31.75,9.0,6.44,0
-hzWbMy0CBg,48.17,1445,157.6,92.47,82.75,16.83,14.79,43
-lzlQCtT1rU,8.07,242,22.7,41.1,38.06,7.73,7.32,0
-m7DLiFH-CE,14.77,443,34.96,96.57,63.81,17.7,11.86,11
-mSBv-BLv6M,4.17,25,5.78,117.67,75.84,22.83,15.37,1
-r2SH6EH5eY,41.53,1246,101.95,161.4,169.16,28.9,30.05,25
-rbbOf5upaU,47.4,1422,195.1,94.2,90.12,17.47,16.25,39
-rrYftR8UeA,2.8,28,5.31,142.5,151.23,26.7,29.19,0
-rzB-xeYZJI,10.0,300,24.55,44.27,37.8,8.17,6.66,14
-ycyXg3s4gs,0.89,25,1.81,79.18,75.2,15.39,13.34,5
0-KLzTzLk0E,4.47,134,7.94,69.33,62.99,13.5,11.82,6
06aaT3kZdkE,11.3,339,20.16,212.97,295.72,40.53,56.49,18
0E9ZcyCpMIs,17.63,529,43.36,269.53,188.15,49.23,33.63,46
0EJF8dRNLyQ,6.8,204,14.34,71.37,52.94,13.13,9.34,11
0K1nA46Bink,10.4,312,26.46,47.07,32.83,8.93,6.45,10
0Mzj2i7Z8uE,720.27,21608,1745.28,34.6,30.15,6.43,5.1,89
0VjvUUHsuYs,83.0,2490,163.86,112.17,104.16,20.8,18.21,20
0duNfnP8Z50,51.07,1532,120.44,123.6,182.81,22.5,32.43,21
0hK9eFWorEU,7.33,220,15.24,61.37,89.52,11.17,14.0,9
0iaU9VZXKUQ,27.37,821,62.36,176.53,142.79,32.03,25.28,26
0l5tcF6Rao0,336.57,10097,842.31,100.03,187.12,18.13,33.84,44
0mE919RsXOc,1.7,17,1.7,74.9,84.36,13.7,13.76,1
0rkRC728rIU,151.23,4537,506.65,122.67,111.46,22.7,21.01,63
1-6H_Xq9XjI,0.71,5,1.11,137.86,211.24,25.43,38.21,0
15lyO5qmtg0,42.5,1275,98.65,97.4,64.94,17.53,12.27,20
19pxHEcEa6I,13.14,184,36.04,61.14,50.68,11.29,10.42,5
1ArVtCQqQRE,2041.37,61241,6725.09,58.23,47.21,10.9,8.7,661
1EyBVAwasHk,47.17,1415,138.4,97.6,74.43,16.8,11.89,33
1G2ltEiSYBw,17.2,516,33.33,221.93,186.74,39.43,33.26,8
1K-yiSBN8p4,7.0,98,11.84,92.93,67.94,14.93,10.28,6
1XsEZn5xlno,4.38,127,9.46,76.31,64.44,13.72,12.02,1
1ZPiBcz3nSc,19.83,595,43.07,66.9,49.7,12.43,9.53,23
1dIU1YhZX94,23.97,719,47.52,278.13,497.69,50.57,87.28,16
1gS5v6EMaSc,210.83,6325,669.43,101.0,83.45,18.27,14.7,62
1lMCGdVAgGQ,78.13,2344,247.87,129.3,221.32,23.77,40.16,34
1s3QPW3raN0,9.23,277,28.05,75.73,72.37,13.5,12.28,10
1tosGFzwQHo,43.4,1302,128.13,51.13,54.15,9.1,9.86,23
1wLNDHVQxU4,1.6,8,2.07,59.0,62.58,10.6,11.63,1
2BgZSxMu5oI,1.18,33,2.26,103.21,104.97,20.25,20.61,8
2LR8N2ko6a8,24.07,722,56.92,70.97,54.54,13.3,10.58,15
2nBlXHXlvto,4.7,47,8.81,35.5,24.55,7.3,5.01,3
3-11fooOoLM,6.22,112,10.14,102.56,200.03,19.28,37.55,5
34ehGQMt5l4,1.38,22,1.71,67.25,56.84,13.25,11.23,0
38h0Zuw3cv4,11.07,332,33.07,62.43,52.5,10.53,9.67,8
3D4JB8LzBC8,362.0,10860,980.12,93.5,118.81,16.7,20.57,56
3JTknUk8YIE,54.63,1639,161.49,93.53,94.19,17.17,17.3,12
3KLE_xwbGqg,66.5,1995,190.66,142.23,220.59,23.87,33.35,26
3LXUVa4ugwc,123.8,3714,323.51,74.03,59.38,13.4,11.32,37
3NdH1pdQVhE,510.27,15308,1401.64,71.43,67.35,13.33,12.98,57
3Uuwe4BxYJE,9.92,238,32.56,76.75,69.51,14.12,13.35,10
3Y8VXWUIcaw,1.43,10,2.57,84.71,68.59,16.86,14.84,0
3bamBYQS8io,9.6,288,18.81,199.53,288.83,36.6,49.05,7
3monI2ExCJU,45.6,1368,181.24,196.83,144.81,35.77,27.47,20
3rCj_u5mmtE,1.17,7,2.4,103.17,151.36,20.83,30.49,0
3r_jpt04M68,3.43,96,7.89,88.32,112.56,15.96,19.67,3
3wuVuqgu45M,4.25,85,11.21,43.6,52.56,8.35,9.73,2
41CbOHhx8b8,3.82,42,8.49,98.82,66.37,18.91,12.61,4
43swgRhxbmk,22.37,671,45.94,223.97,180.12,40.07,31.3,7
47pP4Y9J_h4,2.75,55,4.28,86.4,81.12,15.75,15.24,2
4LN1eqJcTaU,3.5,91,8.74,129.69,106.97,23.31,18.49,6
4QtYOmblLOY,40.13,1204,76.32,114.97,81.5,20.67,15.63,21
4V2ZwgJw62I,86.53,2596,171.46,164.13,180.5,29.53,33.01,35
4aYVLpY5FYU,96.87,2906,353.7,159.43,180.29,29.83,34.62,58
4cYeHxVLqZ8,3.5,49,5.14,75.93,39.91,13.57,7.07,2
4dC80qM-vck,2.92,35,4.29,137.75,103.73,26.75,20.35,0
4f7iiu5ck8U,233.23,6997,592.67,107.07,159.31,20.13,29.66,65
4mTfkDkIo4s,24.87,746,52.51,53.03,50.08,8.83,6.78,18
4okyc5CQYfU,4.88,39,9.98,41.75,35.4,7.75,5.34,0
5-YXQ9LcEjQ,65.7,1971,209.83,101.8,98.91,18.0,16.87,29
5791L8VEHZw,139.67,4190,273.38,63.83,66.87,11.63,11.13,41
58BHUsD24vs,39.13,1174,111.64,141.1,203.12,25.33,35.07,22
5FPuHYY7VPc,24.0,720,46.22,205.37,147.09,37.97,27.06,2
5FgvGQXfV10,486.6,14598,1223.34,48.67,76.35,8.3,14.7,88
5JTNftIJxl4,0.4,2,0.89,121.2,125.0,22.2,25.7,3
5Nin1OtjOlU,447.33,13420,1275.95,151.97,169.46,27.67,31.53,90
5Rqiba5mqLk,58.43,1753,134.76,402.33,854.12,75.0,159.42,44
5ZuUYititDU,90.93,2728,293.46,72.3,82.56,13.07,14.86,42
5bJ1aKd7xL8,9.33,280,22.73,38.2,43.67,7.47,8.57,12
5gT0x0EO9_8,98.23,2947,349.9,80.67,71.94,14.07,12.78,68
5k3uMaJN4IU,2.86,20,2.27,153.29,304.71,27.71,52.49,0
5sKPaDmcJH0,138.6,4158,315.33,50.57,46.82,9.47,8.95,39
5tEPfbrHRl4,18.87,566,50.34,57.2,39.23,10.17,6.2,9
5wDfRwAmIVY,268.37,8051,481.96,58.23,57.45,10.07,9.92,52
5xGGVv60rq8,2.63,79,6.37,58.9,56.67,11.2,9.97,6
66G7TnkdMd8,19.53,586,32.62,138.47,145.16,24.63,27.37,7
6Dvkq5yAvcA,64.53,1936,150.13,195.73,325.66,36.63,58.98,23
6Fa5f9_4Oi4,61.47,1844,167.72,81.27,66.43,14.33,11.37,22
6Mo7xB4SNsc,3.41,58,6.41,115.12,107.68,21.35,19.95,2
6P5zJv5qzxU,4.11,74,10.06,70.28,97.44,13.5,16.03,3
6T-mgthXWzM,18.73,562,52.5,185.97,162.05,34.0,29.69,9
6cSI6b6qPSg,1.0,7,1.91,18.71,12.93,4.0,2.89,2
6cXQ6zk0Nrk,94.97,2849,266.11,135.1,180.98,25.17,33.54,60
6ltK8OaFyy4,5.23,157,13.18,144.3,102.39,26.23,18.56,1
6m5vC3o2tRQ,939.17,28175,2781.85,65.2,69.78,11.23,11.77,150
6o2tm00Ar8A,574.23,17227,1591.16,100.57,83.78,17.33,15.7,123
6vz3ift4RAM,46.07,1382,142.23,84.8,50.09,15.17,8.75,9
6x1i0K4Eg1g,46.57,1397,120.2,91.13,77.04,16.2,13.93,22
76yqErAib5g,711.37,21341,2870.04,107.6,178.11,18.9,31.72,238
7APfFjfnNBc,26.0,780,50.2,65.13,46.17,12.43,8.94,23
7P6RArpBwDk,44.33,1330,122.79,100.2,77.83,18.6,15.35,28
7dJKP9Qt8JU,6.33,190,17.99,61.8,48.59,11.23,9.1,7
7ftghLnesZ8,2.38,31,2.06,70.54,38.13,12.92,6.99,3
7hVqxhZaxtk,69.5,2085,125.53,135.2,170.72,24.27,30.59,25
7m0p8EFy3Pw,572.83,17185,2329.68,152.8,379.42,26.6,69.4,89
7msJtKR0lH4,1.5,27,2.71,59.78,53.24,11.39,9.83,2
7rAxyujhNz0,2.29,48,3.9,97.52,135.36,19.48,26.3,7
7zG1b49aCGI,2.07,62,4.55,82.0,178.43,16.17,34.18,3
8-WiFvM15-0,26.03,781,65.7,103.53,102.24,18.8,18.45,48
8-edcK66xZM,1.0,24,2.02,123.12,106.65,22.71,20.08,9
80rugVXQzes,200.23,6007,489.66,77.8,62.47,13.67,10.88,53
85qmJl7RlxA,2.09,23,2.43,106.73,112.49,20.09,20.65,2
86gx9bKQheM,14.67,440,30.45,67.2,48.6,12.07,8.64,4
8BZMuF5uV_w,18.4,552,49.25,69.3,59.73,12.73,11.46,7
8B_O04IdW9M,34.07,1022,86.21,147.47,219.24,27.17,37.95,11
8GMYKZN0CTY,46.47,1394,138.66,63.87,59.28,11.13,10.3,24
8LOB92gjgww,6.33,57,10.34,116.22,113.21,21.89,20.85,3
8NBhJy_GopM,91.43,2743,210.19,208.0,344.71,36.93,61.01,47
8ZvbInUxCXU,16.63,499,85.67,92.47,60.75,16.53,10.23,4
8bEcHONK91I,2.0,26,2.0,115.08,121.84,19.62,20.1,1
8eIeyZZUEp8,3.88,31,6.9,177.0,220.8,32.62,40.24,2
8lhSb5libHY,19.0,570,32.04,377.83,545.36,68.37,95.69,6
8tKuviI68Ss,151.4,4542,372.76,117.9,75.64,20.87,13.94,67
8u0RK3L0D64,207.63,6229,481.38,113.17,126.24,21.27,22.83,49
8urzOH10LEM,27.47,824,66.39,169.8,177.69,30.63,32.72,26
8x30UHGJAEc,4.35,87,9.92,89.1,106.48,16.15,18.53,9
8zaKVFC9Eu4,39.43,1183,78.0,131.07,143.62,24.23,27.35,25
94emc6eqllE,167.93,5038,509.19,91.6,96.8,16.6,16.03,29
96McQ3PHU7A,177.47,5324,368.89,81.93,126.01,14.77,22.28,30
9AvXE3qdPSo,17.17,515,30.09,112.03,78.02,19.8,15.3,0
9DH4pAg1qaQ,27.67,830,60.04,103.2,92.13,18.8,17.1,37
9ODYbpotwis,3.27,36,5.76,74.55,77.47,11.55,11.48,1
9QbC5Xk_1I8,158.33,4750,472.57,91.27,86.23,17.17,15.02,56
9VXC9fWQ_aI,123.1,3693,434.0,162.53,232.27,30.8,45.09,34
9awCB59ZHPs,8.27,248,21.76,96.57,222.23,16.8,37.07,14
9otYs7w7DBY,48.2,1446,109.32,92.17,100.51,17.3,18.95,28
9s7AXw7o76Q,228.13,6844,479.6,52.9,41.5,8.87,6.94,30
9yx_WEcFkH0,3.95,83,10.83,84.81,66.63,15.57,11.49,3
A4ya80m9L6M,17.03,511,52.05,78.27,66.13,15.03,12.38,4
AAnIrWVVFsM,1.44,13,1.51,21.67,20.74,4.33,3.97,1
ABED1GjTUrk,10.53,316,21.41,147.23,134.49,27.27,23.89,10
ABEgnU59CFU,22.5,675,74.27,95.1,80.11,17.13,13.64,17
AECP5NsWRkE,14.57,437,28.68,138.4,180.29,23.77,27.21,18
AGqq5Cg4Cl4,13.2,396,29.55,97.47,78.34,18.63,14.94,11
ALxz505dSZM,10.07,302,29.91,95.83,103.2,18.47,19.84,21
AS1m0lmtDQI,66.07,1982,163.02,359.4,601.79,63.63,107.33,42
AXrVBv3gM_Q,1.8,9,2.95,28.0,28.28,4.8,4.76,0
AfiKro4KSBo,3.47,52,8.75,66.73,61.25,13.4,11.84,1
AjoxkxM_I5g,1040.03,31201,3343.28,58.8,74.36,10.1,11.88,264
An01rTZjCKc,9.97,299,22.99,62.17,59.45,10.77,10.63,3
ApxfXp1UwXE,4.33,26,5.28,61.33,55.91,11.83,10.89,0
Ar5Qto5B3hk,1.85,24,2.38,230.77,307.41,40.69,49.84,3
AriiQaEWyI8,20.2,606,50.68,244.3,223.23,45.63,41.15,50
AtfoKoiIW-s,54.13,1624,138.21,293.27,1035.06,53.77,188.24,29
AuORG4zFcXw,4.53,136,6.6,149.1,137.22,27.37,25.24,12
AvKGYyowFK4,148.47,4454,349.82,138.73,152.24,24.6,28.73,31
B1Zm6TGsFXk,57.2,1716,146.26,81.13,141.45,14.8,26.99,22
B3SzomHi6cU,1.33,4,2.31,353.0,372.86,69.0,73.98,0
B4RSD5vahTU,22.5,675,47.02,190.47,180.44,36.33,34.66,22
B4U7vNtXBTI,51.8,1554,94.45,196.83,225.99,36.73,41.66,27
B58mAePXYbo,33.4,1002,75.79,154.77,174.88,28.13,29.98,17
B7SNUIq6j1w,2.33,7,3.21,40.67,23.25,8.67,4.73,1
BBAuhqvT_ds,424.63,12739,1142.32,403.07,852.82,73.37,159.47,110
BCWfXWVVsKo,267.83,8035,628.1,63.77,82.38,11.97,14.07,73
BT5Dnr994x4,7.09,78,9.57,180.91,289.61,32.18,51.71,2
Bf4Hs5E9eNg,82.63,2479,204.12,151.73,169.0,27.13,29.4,31
BgVIAGA4wmQ,8.63,259,22.07,66.53,76.99,12.5,14.77,11
BiB9k4JkxY0,4.67,140,14.22,95.07,90.46,17.7,16.51,5
Bmxjb3qThWI,2.73,41,4.54,141.0,95.78,25.33,16.41,4
BmznD0BNCzE,300.1,9003,755.06,79.2,94.96,14.6,16.89,112
BpLOu3sv-Jw,22.77,683,53.62,133.67,97.05,25.13,18.62,5
Bry8a_7b9aM,159.4,4782,381.67,99.73,124.36,18.07,22.06,46
BsLC5eIjcag,348.83,10465,1128.49,98.3,152.68,17.17,22.8,42
C0syvUws1ps,87.9,2637,215.98,98.87,156.73,17.77,25.54,37
C8RWt0o_2TE,25.67,770,58.9,179.9,190.34,32.23,33.29,14
CCzBoNeBKXc,2.75,22,4.4,79.25,60.06,15.0,11.46,0
CEfcYQoRt0s,2.5,30,2.97,60.0,49.51,11.83,10.17,0
CFN1uO1g3ls,216.87,6506,464.01,49.5,48.82,9.17,8.84,95
COhm-736828,57.4,1722,155.45,232.07,591.46,39.97,98.27,112
COrG9AOjLow,1.28,23,1.96,81.39,75.52,15.94,15.46,4
CUPe_TZECQQ,34.1,1023,110.15,106.23,81.14,19.0,14.37,16
CZI5uBumcgg,55.83,1675,99.76,65.7,56.47,12.3,9.88,24
CaOkjR3zVcI,0.64,14,1.36,57.86,50.64,11.23,9.12,4
CcK2Xe9BcUk,11.13,334,28.52,92.07,97.98,17.03,17.86,6
CcxWrS0JTqY,2.29,16,3.9,80.86,67.7,15.43,12.79,1
Ck5JOj4TlM4,28.87,866,56.85,161.1,171.09,29.67,31.87,8
Cky0O-hANDI,106.83,3205,183.21,119.03,159.53,22.03,29.64,39
ClXQoVgfeJw,57.97,1739,100.64,191.83,338.28,35.3,63.07,56
CuLOnlXlgVY,66.43,1993,174.66,131.73,145.08,24.03,25.43,30
D2WgxpWC6gY,14.07,422,37.74,105.8,110.91,20.37,21.68,3
D2ikQutKoRo,2.73,30,5.1,93.09,109.17,16.73,19.52,3
D3cajbOs8-M,7.57,227,21.27,61.37,51.28,11.47,9.11,10
D4Z7cQ7jLGc,19.47,584,49.42,159.07,188.18,28.57,34.85,27
DAKamTy749w,2.09,48,4.36,98.0,140.61,17.74,24.38,2
DAyMePDgrJ0,141.47,4244,341.41,74.8,79.24,13.37,13.59,55
DSTRL-bMOwY,25.07,752,77.04,90.47,79.05,15.67,14.12,26
DW6jW9utbwU,61.77,1853,185.98,148.03,201.33,27.97,37.71,41
De_Zs3g5JT4,2.29,39,5.14,78.76,65.08,15.0,11.82,3
DhGSyddz-g0,42.37,1271,103.1,46.7,31.41,8.73,6.17,39
DiXpCCaH038,2.53,48,4.39,74.0,88.58,13.74,16.56,7
Dyliijbw_aQ,126.3,3789,304.59,89.97,110.21,16.63,20.29,33
E3QpXj_QOqQ,164.6,4938,499.13,122.3,202.48,20.97,33.43,65
E78SM77gmFY,133.17,3995,347.45,50.43,47.79,8.4,8.56,49
E8vwGLMTx5I,259.37,7781,897.44,107.3,155.75,19.17,29.0,133
ELavuz3btaE,28.27,848,78.05,137.07,169.36,23.7,28.22,14
ERGbgvvCJ8o,56.3,1689,185.1,139.2,125.47,24.7,23.24,50
ETA6D3SkAZo,24.23,727,50.86,209.83,157.74,38.73,30.0,83
EfBczKGbGwA,146.1,4383,421.69,240.93,322.45,42.3,54.97,55
EgNHc43z374,1.21,23,1.78,69.16,71.36,11.53,9.81,7
ElxGH4MW9Ho,112.93,3388,335.7,92.03,99.59,15.7,16.78,50
EmvKi7ftyPs,46.97,1409,89.38,138.43,100.59,26.13,18.71,41
EuVKpMRl7ik,37.87,1136,88.27,227.7,243.61,42.1,44.99,11
EwSD4uCSX_M,59.63,1789,129.25,100.07,77.49,18.57,13.55,12
F2wqN4KBn0c,2.07,62,5.41,124.9,143.68,24.37,27.8,1
F4B0djrx6hI,1.93,27,3.95,48.93,40.94,9.0,7.14,3
F7JMKzBr8HY,63.1,1893,153.41,99.27,74.81,18.13,13.91,25
FEUIxnnW5-w,2.4,48,2.56,17.75,17.55,3.7,3.11,9
FJwp5RBLQcs,38.27,1148,72.18,153.6,187.35,28.03,34.44,27
FM9AOfcxNTI,10.67,320,22.84,371.23,707.24,67.9,132.24,32
FQJ3MsQFKNg,76.27,2288,237.98,167.2,138.95,30.43,25.3,31
FXPRTvmIcDs,2.53,38,4.44,48.8,52.35,9.2,8.76,4
FYU-4NOnLDY,23.7,711,63.56,208.93,146.06,39.03,28.23,78
FbSNfj2S6Pw,179.17,5375,499.76,152.37,167.84,27.5,29.23,39
FdSF4OfQ9f0,678.97,20369,1974.96,64.53,89.77,12.47,18.21,149
FeLNpX1GljM,207.73,6232,451.89,180.4,185.43,32.07,33.93,49
FiRp3GEebms,32.5,975,83.53,174.13,140.37,32.67,26.5,9
Fk3csAdegBI,131.27,3938,481.84,97.73,81.57,17.7,14.51,78
Fq1O5Tp7ohc,3.53,106,6.57,58.73,50.92,10.7,8.86,5
FyU1JgWfxyA,4.56,82,14.05,77.56,68.55,14.06,13.47,3
G-QC4mT8bXA,3.0,6,1.41,53.5,38.89,9.0,4.24,0
GGqB46Gi4Ko,36.63,1099,82.6,129.17,231.36,23.77,40.76,16
GJHH3SI_9Fo,2.4,72,3.01,97.37,142.15,18.37,27.31,3
GJtHczy4Ja4,4.17,50,5.95,61.08,64.24,11.58,11.32,1
GMYlFu4GAsw,12.87,386,33.35,87.97,164.87,16.0,30.86,4
GRDvoD7GwSg,1.81,29,2.64,39.5,31.02,7.25,4.42,0
GT9ZQX1OS68,25.97,779,65.13,75.6,80.28,15.17,15.75,60
GY9lNl3EO1I,89.7,2691,196.93,92.8,111.44,16.37,20.43,39
GYr9U9YWfI4,2.67,32,6.64,20.25,12.42,3.75,2.14,2
GcvaIT_1dNc,5.12,41,7.53,100.0,47.79,18.88,7.74,2
Gg8_TA7U0Uw,316.27,9488,891.94,171.53,128.01,29.77,21.1,61
GgSNvCY-AcY,97.8,2934,269.76,241.07,234.08,44.37,44.63,40
GpL4jfLZY3Q,177.4,5322,544.15,63.47,64.16,11.73,12.45,156
GtA4ywN_I1M,2.22,40,4.18,57.0,71.2,10.78,12.3,0
Gx2vyi4JcV0,252.5,7575,598.62,68.83,78.88,11.87,12.78,63
H-ykVthyNTc,55.57,1667,228.52,204.83,203.64,37.4,37.21,84
H2_WC2bcKE8,3.53,106,11.0,88.93,87.86,16.23,15.96,1
H77TpYpPtNI,0.92,12,1.93,70.69,54.68,12.92,9.93,1
H7KBukv3xaM,16.5,495,57.12,63.67,65.3,12.1,11.89,82
H7zolPUcJCM,262.2,7866,696.31,88.53,73.42,16.5,13.08,31
HEidZrkj96U,1.43,10,2.3,59.14,63.54,10.14,11.01,0
HGTzYlkT5Ww,2.7,81,4.31,105.33,84.42,19.93,15.46,4
HGktY1dytCw,309.43,9283,765.31,319.47,415.01,57.77,74.95,180
HIlZ-rW7dXA,15.13,454,30.71,62.07,53.37,11.67,9.67,6
HIqvJVucwwA,0.5,6,1.45,63.33,66.88,12.08,11.57,0
HJgnBktX5_0,47.2,1416,90.59,102.1,102.09,18.3,19.0,17
HJyrY3bRTn4,173.53,5206,426.04,98.43,105.84,18.67,20.19,57
HKGAzzqkfWM,2.91,32,3.21,50.18,47.6,9.64,8.5,0
HPcIwHwZIhI,25.3,759,51.85,242.77,171.13,44.8,31.35,2
HRz7yUaeTy0,98.23,2947,301.23,119.17,108.43,21.1,20.0,40
HSJmimPjL5M,86.17,2585,247.02,100.7,63.64,17.77,10.26,4
HVRHozw5GA4,156.57,4697,367.8,155.63,150.98,29.57,29.09,83
HgS5__-Pt74,81.33,2440,224.78,99.87,98.72,18.3,17.89,23
HoqjLxRBIMQ,29.73,892,57.53,232.43,297.18,41.73,55.25,39
HuX3yT4rvDs,354.7,10641,950.36,62.53,51.76,11.07,9.1,49
Hw3SpLQYeLA,84.2,2526,153.81,82.17,110.23,15.27,20.47,35
HwPsLCk3EkU,6.11,55,11.17,71.11,65.15,13.44,11.14,3
I-dlPuqFguo,123.6,3708,263.46,119.27,105.47,20.4,16.61,61
I2rvAysA-_8,1.47,28,2.63,51.68,67.56,8.16,8.93,8
I3MeCEwVxB0,128.33,3850,360.47,50.47,78.28,8.83,13.11,50
I5hTDOckpnU,90.53,2716,188.46,79.73,91.82,14.17,16.45,30
I6JAceIv8ro,1.27,28,2.0,52.09,43.57,10.36,8.58,9
I9m00NGPwgg,96.0,2880,238.71,197.97,288.22,35.13,50.39,29
IFSMQJCda10,70.23,2107,135.49,123.2,122.1,21.83,21.89,64
IFggxxz3gcs,1.93,27,2.02,100.5,59.6,19.0,11.37,8
IJwuAm3fEWg,6.31,164,17.37,69.35,53.72,13.46,9.74,4
IK4B7XUqXWY,52.8,1584,126.07,71.3,61.85,13.07,11.24,40
IPA-08lYNss,1.6,48,2.87,139.27,116.74,26.33,22.48,3
IScN1SOcj7A,310.4,9312,729.12,149.93,138.72,27.47,25.42,104
ISjkHuJYTPw,40.2,1206,67.54,76.2,62.1,14.23,11.35,3
IVCCqNpORj0,1.5,6,2.38,83.75,73.86,16.5,13.72,0
IWYUDZsU_Ew,2.31,30,3.09,47.77,77.8,8.62,14.35,10
IXSqorYMXQA,4.9,147,14.29,73.73,78.23,14.07,15.13,7
I_a7ozUeMx8,47.53,1426,139.17,83.93,71.48,15.1,12.11,20
IgT24YYn4DU,20.5,615,37.4,112.37,91.5,20.0,15.91,16
IhfxUm3cmuM,22.83,685,55.93,129.23,129.86,23.37,23.11,7
Ijlw8B7xg9Y,4.43,133,11.4,82.37,89.37,14.87,15.81,15
IoA0q9fUpYI,12.5,375,27.78,173.93,154.09,31.6,28.0,2
IyPsEF511Vw,3.47,104,6.82,91.5,88.23,16.73,15.52,5
J4RBNp6wFWA,17.0,510,49.07,185.6,169.38,33.9,29.4,15
JFD-X0g307A,14.56,364,39.56,43.56,22.54,7.84,3.68,49
JHKiDe8E4hY,181.73,5452,449.26,113.97,116.56,20.27,21.5,46
JHjREDj7Tag,65.87,1976,106.13,61.73,38.62,11.53,7.62,11
JKoRuqjjYM4,1.3,13,2.26,49.9,39.89,9.9,7.0,0
JMh44cq60UE,49.87,1496,120.49,79.93,104.39,13.8,19.14,31
JQz0NNQLV9A,0.44,4,0.88,80.78,96.18,14.33,15.91,2
JSt4SZ7i5F0,27.8,834,66.03,127.77,168.97,23.7,32.78,7
JWOR5Y-qmfg,58.57,1757,154.2,86.77,114.82,15.47,19.58,54
JYCCK7R9DUk,21.27,638,53.93,81.9,62.47,15.27,11.05,26
JZln56h2GkM,10.2,306,26.15,109.87,76.86,20.6,14.66,7
Jao__pHTv9Y,43.87,1316,125.39,79.73,66.74,14.77,13.05,26
Jcoam1CeAq4,28.47,854,69.29,115.03,93.34,20.7,15.62,8
JuCIU6FpQLs,0.71,5,1.11,210.43,262.07,40.57,49.57,0
JwhsPdN2RNg,70.87,2126,161.57,103.47,78.65,19.03,13.97,15
JzprzToSzXg,17.07,512,49.99,113.87,87.69,20.1,15.41,19
K-Y4NvGHMyc,5.79,110,8.42,141.68,237.22,27.37,50.39,3
K-ssUVyfn5g,228.03,6841,633.7,256.2,619.58,45.57,102.07,52
K3eS4jr2pIo,393.77,11813,1175.65,99.33,160.84,18.23,29.31,112
K5bvWmvtarI,10.47,314,22.06,598.8,912.87,108.7,162.87,2
KMFR0kj0CE0,13.67,82,16.73,165.67,240.91,29.33,44.39,0
KMskdqtR1yA,140.63,4219,340.5,59.93,42.33,11.1,7.49,56
Kppgzbun71I,163.9,4917,349.71,70.33,133.17,11.83,19.77,43
KrrqVODE2O4,141.33,4240,184.99,116.7,94.24,21.57,17.28,39
Ksjt_I8rDrE,1301.0,39030,3792.6,67.7,92.37,12.0,16.57,110
KvDHMeJJ_cY,185.7,5571,474.93,125.73,143.68,21.8,25.75,50
KzlRU5xMOXY,17.96,431,57.89,72.29,76.58,13.17,12.71,22
L11WCsRqrIg,73.57,2207,169.5,115.63,131.78,20.17,22.83,41
LHaIPyTVelc,5.73,172,10.81,82.8,86.55,15.87,16.23,3
LOxn0iBAl5I,55.87,1676,122.73,78.9,140.57,14.23,25.89,36
LP4CUye2yHM,9.13,274,15.46,174.6,135.44,33.7,25.95,13
LQ3Mu8A7gjY,43.93,1318,129.01,73.07,57.66,14.0,11.0,30
LQRuaP2VFfA,148.83,4465,410.76,87.63,128.4,16.03,22.43,175
LXYjFsuVOoc,88.87,2666,241.87,240.67,390.98,41.9,69.87,31
LYypqnPLOaM,8.3,249,12.59,124.93,132.4,24.1,25.59,7
LeouHabV12s,42.07,1262,122.76,64.3,51.96,11.53,8.27,8
LidM6glzOU0,4.27,128,9.93,135.73,151.89,25.43,27.83,7
Lmkjr3AOTmk,0.59,13,1.33,70.68,89.14,12.18,15.17,2
LpM4QXb9lhk,1.28,23,3.54,87.17,85.64,16.67,16.25,5
LpjF5K0SXH8,4.25,17,4.57,19.0,13.29,3.5,2.38,0
Lsq6gN1_FLo,11.73,352,36.23,71.73,44.92,13.1,7.77,6
Lt-T-tqasUM,15.37,461,35.93,115.07,106.09,22.33,20.98,13
Lt54CX9DmS4,286.87,8606,756.98,358.63,972.9,57.73,151.02,76
LtgeCKpsgEc,11.97,359,36.52,78.63,60.77,13.57,10.01,6
Lx1q-9DMfBc,17.3,519,74.62,49.2,57.75,8.8,9.68,17
Lx1r5lSgLM0,1.23,27,3.02,107.23,142.69,20.0,25.56,1
M1js7_gglOc,30.43,913,97.83,122.27,115.57,22.1,21.88,18
M5y69v1RbU0,283.07,8492,995.55,171.17,162.43,28.73,27.89,71
M6mFP3NzxrQ,20.3,609,43.01,166.03,153.88,31.83,30.14,5
M92j0t_rjNs,2.12,17,3.4,58.62,38.03,10.12,6.15,1
M9CCE5bx0so,0.33,2,0.82,39.5,39.12,7.33,6.47,0
MFXWY8TqSWw,39.77,1193,106.38,197.07,185.66,35.67,34.16,140
MN1CR7PE0LQ,18.07,542,49.06,109.57,98.76,19.87,18.22,23
MPECDuOUBEY,28.73,862,61.56,167.93,141.93,30.6,25.05,62
MZqCZ_KT-70,59.07,1772,160.35,133.67,119.16,24.6,21.54,91
M_VLcEMPXzk,353.83,10615,1049.13,105.1,126.38,17.73,21.21,110
M_bCVdB1jRY,158.57,4757,344.35,65.97,70.75,12.43,12.82,42
MbumNLXwZqc,4.27,128,11.34,80.4,72.83,15.1,13.58,1
MgI6iquuuzA,63.67,1910,103.63,145.17,64.78,26.37,12.22,47
MhUljoWSzSk,2.0,8,2.31,63.25,52.73,12.5,11.82,0
MiPtCN_fJbA,59.1,1773,223.91,125.03,174.38,22.7,30.48,3
MoGTXsusX6Q,40.57,1217,110.57,184.17,287.92,34.77,56.92,37
MpevcHafHZI,7.23,217,19.54,74.47,61.34,13.8,11.4,5
MqXjqOy-TA8,71.5,2145,214.94,312.17,344.18,56.0,60.82,21
Ms4xcowxG9g,3.1,93,5.54,174.7,360.29,32.97,68.49,2
Mtknzfv9dUY,4.19,109,8.98,54.0,52.88,9.73,9.51,8
N0xpPCJK9iE,44.97,1349,94.92,173.4,514.81,31.23,91.22,14
N24X8kK7H4Q,235.27,7058,593.47,92.47,124.96,16.27,22.43,81
N282bXQYRFc,255.47,7664,747.6,76.1,104.26,14.07,18.3,44
N3kva4sR1hQ,12.23,367,35.05,54.63,37.85,10.53,7.4,2
NL2Vq32jyeo,38.03,1141,107.77,144.53,189.93,23.07,30.23,18
NWfIrmIgaCU,16.83,505,40.07,162.67,151.89,29.7,28.38,32
NquuITL9-ZA,27.87,836,55.41,208.3,361.49,36.87,63.74,22
Nwvefe71xQM,1.0,9,1.0,75.22,91.95,11.11,11.13,1
Ny3u3Z85KdQ,161.43,4843,602.7,139.57,208.25,23.83,33.99,67
O3m14PVOq_g,634.23,19027,1747.6,104.47,112.34,18.77,19.35,245
O96Y3-ldp10,54.3,1629,176.9,93.83,96.64,17.4,18.41,18
OA9tU1G6O-s,41.7,1251,102.34,115.67,74.94,21.23,14.49,21
OAEopgIpv38,799.3,23979,2305.69,37.63,42.55,6.43,6.55,86
OC5kWKRA_0Y,3.0,27,2.96,37.89,21.17,7.0,3.24,13
ODl5FOMu8kI,223.77,6713,571.94,86.1,87.28,15.7,16.23,28
OK1Eic3oBs4,55.1,1653,144.54,117.67,94.77,19.67,15.72,20
OLK52vT1YOA,53.2,1596,106.5,160.97,195.83,30.57,36.23,37
ONG26-2mIHU,392.03,11761,950.08,161.1,213.73,29.87,39.3,77
ONI0H61Fk_s,5.27,158,8.57,175.33,164.68,32.63,30.6,4
OOXo92zCNME,1.69,22,3.54,46.38,27.69,8.77,5.2,0
OP3dA2GcAh8,208.17,6245,628.23,118.5,144.26,21.43,25.61,58
OQhqv_0d-nw,17.0,510,42.44,229.57,217.08,38.5,33.75,25
OQs0fYHPzho,0.58,7,1.0,58.0,44.81,11.08,8.27,0
OgBF3N3MhYw,60.8,1824,148.04,143.07,182.46,26.83,34.72,39
OksWjaMxUOQ,2.54,33,3.48,80.38,68.0,12.23,8.84,1
OlPO8f-AAJk,55.5,1665,105.16,261.57,198.77,46.4,35.41,14
OlQdgKmxSEI,25.63,769,64.75,82.4,81.29,13.83,13.38,25
OlU5OWWqPcQ,172.27,5168,510.25,59.83,64.32,11.3,11.63,97
OlbtSJWLKuU,67.7,2031,146.81,75.47,78.87,13.07,13.98,37
Oq4c-_iAzQo,229.7,6891,559.68,49.87,69.95,9.23,13.52,63
OrElyY7MFVs,1576.4,47292,4424.35,110.4,108.65,19.6,19.23,165
OrkZvaigYQI,1.89,34,2.89,40.56,29.8,7.61,5.47,2
P-AAZFewuK4,3.56,89,12.45,79.24,66.23,14.44,12.22,7
P5S299Gy03M,8.97,269,18.23,63.3,58.95,11.17,9.87,9
P7KXFybHaPk,1.42,27,2.19,84.11,77.57,14.53,11.85,4
PBOc7IY3ijM,0.0,0,0.0,69.0,33.24,12.0,6.98,2
PCtQ6sipdqA,107.7,3231,273.61,126.93,194.15,21.7,29.78,148
PHgdXWZLs9g,52.77,1583,121.25,132.67,120.78,24.67,22.39,30
PKwtART-z5M,23.7,711,55.61,86.97,78.06,16.27,14.63,17
POwUgP1rxoo,57.4,1722,216.67,98.47,78.38,16.53,13.89,16
PQWWKAtYmG4,41.63,1249,101.77,153.57,221.86,28.43,38.22,17
PUB8gsKhap0,0.78,7,1.09,71.0,51.87,13.0,8.67,2
PcMVfAb9sxI,49.07,1472,126.51,122.47,124.59,21.47,20.65,15
PdlRNq3eMkQ,3.39,95,5.69,93.86,93.59,17.64,17.55,9
PhrhAa8P9wM,171.33,5140,402.07,92.87,121.68,17.47,22.4,26
PmQbnKzhqGE,5.37,161,16.25,154.13,248.38,27.73,43.36,8
PmWjZkHOYuQ,8.97,269,26.55,66.6,54.86,11.7,9.48,6
Pr0mI_gkS4k,1.86,41,4.16,72.23,69.24,12.68,10.4,2
PtMLCL_T2ak,60.93,1828,170.26,191.9,412.08,35.93,74.87,44
Q2m0vwuIl0Q,2.8,56,9.29,65.6,94.27,13.25,20.76,4
Q6fwLEO3G3Q,1.0,9,1.12,89.0,61.66,14.78,8.91,2
Q7WIdfY2tOw,1.43,10,1.81,46.43,43.55,7.86,6.44,1
Q87NzojhZDI,36.27,1088,83.74,105.1,100.68,18.83,17.87,22
Q9tRunbdKqU,90.03,2701,177.22,70.77,93.28,12.7,15.81,20
QDU4S4sfb_g,172.43,5173,413.48,55.97,76.93,10.37,13.69,37
QF2wIywvDhk,8.03,241,16.45,251.67,249.24,45.23,44.77,8
QOFdvK6MRrw,3.14,22,3.53,45.0,22.66,8.14,5.49,1
QOvIzsn7fD8,1.9,57,4.18,112.5,149.37,20.7,25.69,1
Qc6pdR8BhFA,16.13,484,27.81,156.4,111.59,28.03,20.71,25
QdTpjPn014U,12.47,374,36.98,103.87,123.98,20.03,23.44,57
QfZRbZfDZLw,1.86,13,2.67,140.0,165.47,26.0,30.74,0
Qsf3j59SVJg,2.53,76,3.88,86.57,118.59,15.87,23.16,7
Qu1QNcetiK0,2.2,66,7.39,191.53,168.55,35.8,31.75,2
QuD7I_o1WP0,97.17,2915,230.15,52.0,48.73,9.7,8.96,44
QxXwfMrWYPE,4.0,28,4.51,213.14,327.19,38.29,58.06,4
R2E3zGFqgTM,1.75,42,3.79,88.38,75.76,15.67,13.71,6
RBcEpsTmT8Y,61.4,1842,136.62,99.03,128.97,15.57,13.36,60
RDeJe_2TWUE,82.9,2487,141.65,127.8,271.46,22.53,45.81,19
REcFuxqXTc4,18.73,562,74.59,59.73,53.75,10.97,9.64,9
RGbCR_pq4_A,716.6,21498,1813.29,113.13,142.06,19.53,23.83,170
RH7REzcVjMI,24.97,749,88.13,191.93,199.94,35.07,37.95,36
RP0oVOH4Zz4,780.43,23413,2286.69,93.23,174.05,16.23,29.75,163
RZBZVWONSTs,8.2,246,21.11,153.37,151.96,29.5,30.22,20
Ra1ykDUnwpM,71.07,2132,113.34,141.1,154.15,25.17,26.7,13
Ra6mWPfgW4Q,24.0,720,87.15,81.93,63.58,14.37,10.92,19
Ran1mUDgK-0,10.42,271,33.89,75.31,70.29,13.27,12.33,37
Rbhhz9afUCU,32.67,980,83.4,135.67,112.04,22.67,18.49,17
ReN3v7xxxWI,6.9,207,17.79,128.07,151.48,23.5,26.14,6
Rkxm6g78bwE,13.73,412,22.0,98.97,96.56,18.5,18.13,9
RlzV8EnEwc0,129.97,3899,317.64,123.07,112.07,21.4,18.99,66
Rq2lrUhyLF8,30.8,924,61.52,157.77,120.6,28.93,23.72,32
Rupm_MgeolM,2.3,23,4.97,55.5,34.98,7.5,3.57,1
RvrfOt2pqR0,57.43,1723,103.6,119.73,147.41,21.63,27.43,10
Ry_MgBcDUfw,2.58,31,7.09,101.25,77.0,19.25,13.29,4
S8JLJqLvhzo,167.2,5016,480.82,124.1,110.49,23.73,21.61,51
SC6TNdLOA0w,7.05,134,20.91,58.42,63.44,10.37,10.87,3
SGzk_FbJ-dQ,116.4,3492,298.98,189.73,267.41,35.0,47.02,61
SKagZybuw7o,12.2,366,32.31,77.1,71.08,15.4,14.18,6
STYohijxBNY,167.17,5015,507.04,76.97,79.37,14.37,14.31,41
SYgGNwyAOt8,2.12,34,5.94,151.62,168.73,28.12,32.09,7
SfTBTDjSZbg,4.36,96,7.64,78.82,74.59,14.41,13.9,5
SjcvBFfMulY,37.63,1129,125.11,81.0,73.18,14.07,13.21,26
SjvsfBvfyvI,66.57,1997,169.08,131.37,122.52,24.73,22.49,31
Sjw0ZSHXxrc,2.33,7,1.15,40.0,42.04,7.0,7.94,0
Smm8GlRQ-Uc,27.8,834,69.61,133.4,148.74,23.93,26.36,7
StKU4spwsss,110.6,3318,251.12,36.8,41.98,6.97,7.67,25
Suw3XoPlCaM,95.37,2861,239.16,88.87,69.88,16.37,12.82,32
T0olGw9w8Vk,3.83,115,8.87,118.47,185.15,22.07,34.65,8
T2M9hSswlIs,472.73,14182,1199.52,89.63,131.27,16.97,24.11,186
T2_uib0J8Hc,5.39,124,8.9,71.22,54.84,12.65,8.79,7
T6hmdrsLQj8,321.47,9644,1125.52,82.4,71.6,13.9,10.72,183
TAj8Zg2rrNg,1.09,12,1.38,101.36,160.41,19.0,30.1,1
TGd0Y4Ch8B8,21.03,631,36.81,243.97,641.58,44.6,113.67,11
TH0nNn6SmXw,228.5,6855,741.39,90.37,60.86,16.6,10.7,61
TIqQmKapBaY,36.57,1097,136.39,231.13,209.49,42.07,38.47,7
TLZr5GVeLcY,772.47,23174,1961.05,58.83,58.45,10.63,10.57,170
TRhq6n52JVk,2.12,34,4.11,37.75,30.96,7.19,5.53,0
TdCaWsDb7uo,1.43,10,1.72,133.57,89.58,26.14,17.29,0
Te0_nt62lJQ,26.93,808,70.54,92.37,59.64,16.73,10.69,18
TgOmBWdK84k,48.97,1469,120.48,149.67,237.1,27.67,43.5,30
TmuDsq4m4Ts,62.8,1884,178.65,180.73,236.0,33.07,43.35,21
Toz7XEsSH_o,181.37,5441,589.5,62.93,74.22,11.6,12.35,94
TpBhsfreU5Q,38.3,1149,110.9,181.3,112.46,32.1,18.83,15
Tqu4awn8Pr8,4.4,132,9.02,57.17,58.49,10.73,11.19,6
TuYeDdqVxHI,1.56,25,2.13,79.88,75.75,14.56,14.74,7
TvytweSNkiE,409.1,12273,858.38,64.83,169.94,12.27,32.16,57
U31WDm6RNYc,4.53,77,7.08,105.65,104.15,19.71,20.09,1
U5kU-w9ii0Y,54.87,1646,126.06,254.83,396.23,44.6,67.04,70
U60rqe2KC1E,72.63,2179,175.65,96.5,105.09,18.03,18.96,40
U7JNdMbj1zM,35.9,1077,96.78,106.53,137.96,19.33,24.72,34
U9f9RPXZkEo,1.83,55,5.19,109.23,146.6,18.5,26.1,2
UASlgjC9fz0,156.3,4689,489.2,69.17,60.85,12.5,11.35,29
UAUDcoqK5I4,38.53,1156,78.05,89.53,100.67,16.27,18.49,33
UDJizJhZkYQ,3.17,57,6.94,90.22,131.25,16.06,22.48,6
UE4dTKiNGa0,22.7,681,44.99,136.4,126.02,24.8,22.77,13
UF02YPoKfMY,98.73,2962,245.32,77.6,62.93,13.8,10.74,19
UGzNMRWEXjU,21.47,644,45.25,139.27,141.49,24.13,24.47,31
UI2fzaXO78E,3.41,75,7.15,70.55,63.18,13.36,11.87,7
UJmz89F_bqA,4.66,135,11.26,106.79,109.43,20.17,19.81,6
UKCGs5sfheM,24.6,738,61.43,67.5,73.64,12.3,12.79,10
UPuI1iAxH7k,2.21,64,5.76,68.07,66.94,12.79,12.27,2
UYfGC31ZDJw,81.87,2456,241.24,75.57,60.55,13.4,9.89,19
UdBcXvpmQ5o,3.18,35,3.71,91.36,68.92,17.36,12.92,2
UlIDxrK43ko,79.3,2379,195.91,582.67,1984.15,101.2,350.56,78
Uri24Z3oc74,49.4,1482,118.64,80.9,70.8,14.57,11.91,21
UtLM89JgVfc,11.27,124,23.01,182.09,181.81,33.27,31.68,1
UuDcH_o1Kg0,1.8,27,5.12,36.6,33.97,7.07,6.98,4
V0HyNEd3GHs,32.2,966,87.57,81.87,62.87,14.17,10.82,16
V7342SesjCs,45.5,1365,89.24,146.9,190.1,25.8,34.64,42
V9SmqAoawH8,4.0,64,8.81,68.56,72.44,12.31,13.07,3
VOwdO6lYO9A,38.27,1148,93.86,64.6,47.57,11.23,7.69,28
VQ2qME0T5Oc,2.1,21,3.38,72.5,52.27,12.4,8.95,1
VRaUyEY4Pnc,0.8,12,1.93,93.07,97.61,17.6,17.9,4
VS4ZPEW-zyg,3.56,57,6.3,72.31,74.56,14.12,14.68,1
VTTp5A-rSdc,316.67,9500,1141.44,66.17,63.07,11.63,10.82,241
VTYJ0NJfUMQ,4.92,64,12.33,28.46,20.01,5.85,3.83,4
VVEkNJpUaDQ,0.5,5,1.27,67.8,126.27,12.7,21.37,2
Vie8QwUJfgY,1.0,12,1.71,41.33,40.89,7.83,7.38,1
VpN78TXMSUM,19.77,593,35.37,209.3,209.19,37.07,36.79,14
W-EpiaPcgTk,401.9,12057,1002.48,46.83,71.84,8.43,12.15,51
W-gYpWSGBmc,38.4,1152,83.13,231.0,234.42,43.27,44.5,23
W0X9WD4Yk4c,81.97,2459,272.37,113.27,102.15,21.17,18.34,29
W0h2Lm9v7yo,1.3,35,2.58,94.33,79.34,18.15,15.31,0
W2afI0n8pUk,134.93,4048,279.54,94.63,83.54,17.4,14.91,63
W3CDMcWlPyM,1571.23,47137,4424.69,82.8,113.53,14.2,20.51,97
W5L9oZN9LeM,0.92,11,1.16,50.33,57.57,9.08,9.87,2
W5u4rZkcYPE,3.27,49,5.24,66.6,77.12,13.0,15.67,4
WF8jTZNwy6w,20.67,620,38.57,92.03,70.78,16.7,13.71,18
WONRS7BLh4g,247.17,7415,525.6,153.2,201.76,26.2,34.0,152
WQWiLZ1M6xw,168.47,5054,446.05,183.9,271.37,31.6,47.82,79
WQgILXEET3I,3.76,79,11.36,74.29,76.43,13.86,14.57,5
WV1OVR2hQFw,15.8,474,30.17,188.47,227.15,34.4,41.96,27
Wg3VWhu_M6Q,130.73,3922,323.56,125.2,181.79,24.23,34.72,68
Wg_ygTcS-uQ,6.4,192,10.66,67.7,66.53,11.83,10.87,5
WizT_VdtOYM,76.27,2288,227.63,113.27,112.19,19.83,20.38,33
WlYFPeBpU4s,12.8,384,36.59,134.07,167.36,23.9,31.27,7
WoNZUlRu168,19.47,584,34.41,98.87,93.12,18.3,16.92,12
WpJOg7N54Qw,9.67,290,22.41,212.73,186.61,38.33,32.42,10
WqBkyS83b44,24.37,731,51.09,106.23,72.31,19.7,14.8,21
WrYrWLh7ewI,3.0,18,4.15,173.67,199.35,34.5,38.86,0
WrlkSH87u3I,45.67,1370,117.61,164.07,146.41,29.87,25.95,20
WsOiuxm8qB4,22.43,673,45.74,108.67,96.59,19.47,17.84,28
Wya-lj_TWAk,19.8,594,49.78,49.77,28.6,9.83,5.84,5
X-ToaRoxgMU,8.1,243,16.13,203.4,303.96,35.8,53.56,13
X3HEAU3g7dA,93.9,2817,261.61,110.77,96.97,19.77,17.29,19
X52jSWjnvC0,242.07,7262,579.1,72.73,93.71,13.8,17.43,66
X9Th_OBKyQ8,20.3,609,49.4,114.77,83.56,21.03,14.79,10
XB7TLFKnXHw,35.8,1074,107.86,131.73,185.84,23.73,33.84,17
XEJBS5SJTpA,3.76,94,9.81,72.52,91.28,11.84,14.45,6
XFpwgQDlMrc,5.77,173,8.68,133.7,195.88,25.0,34.59,20
XILu7hxDr2w,61.4,1842,197.4,112.97,134.2,20.53,25.33,32
XJHM0fEH3ss,7.9,237,19.69,99.53,107.97,18.1,17.69,5
XJaGAQsFVHs,8.47,254,19.57,134.0,129.03,23.93,23.04,13
XU7Kp2vG3NU,3.87,116,8.75,65.7,98.57,12.27,16.97,1
XVhzQgRnYps,32.87,986,69.32,133.1,158.22,24.47,29.75,6
XWgaOtLFQCM,322.27,9668,1000.44,54.1,41.95,10.1,7.43,84
XY0fQ0ZVlRs,2.53,76,6.32,142.07,124.41,26.9,23.36,5
X_XNSeW9jok,124.53,3736,294.09,111.17,137.82,20.23,24.81,50
XcZnSSmeK2I,2.03,61,3.96,112.87,108.55,20.97,19.54,10
XdC9vohgwww,2.2,11,2.17,72.2,53.62,13.2,10.78,0
Xdwoev7KgCU,0.8,8,1.14,32.6,17.16,6.0,3.2,2
Xg2cmsnvWx8,82.97,2489,196.79,67.87,76.38,12.7,14.2,54
XiGaXVJHwhc,75.37,2261,164.41,97.87,89.84,17.4,15.51,36
Xk0e6XZUyrQ,4.17,75,7.11,45.61,51.91,8.72,10.13,6
XmE9HIjIv8c,3.75,15,2.99,48.75,43.9,9.0,7.39,0
XnK8_nHUYt4,1.55,17,2.62,69.73,53.51,13.18,10.36,0
XpopyNZKYKw,114.3,3429,342.67,145.23,135.14,26.57,26.02,118
XtOshDbMGkA,153.07,4592,349.32,275.33,287.59,51.83,54.68,326
XtzgJ3yC7zQ,2.2,22,3.61,33.5,29.82,6.5,5.8,0
Y-d90cILIDk,37.87,1136,97.21,97.83,83.06,17.57,15.13,24
Y11SX2oHmw8,31.23,937,79.88,137.87,197.09,23.33,32.69,13
Y4GdbD99FzE,2.62,68,4.9,46.27,53.18,8.73,8.02,4
Y5PulPlCHXw,1.57,47,3.77,135.6,246.43,25.37,46.33,3
YAs9QasnXgA,35.73,1072,74.99,231.7,252.39,41.97,45.73,28
YDSEhszBgpM,7.97,239,13.61,35.87,27.65,7.17,5.97,21
YDktDCOHIbQ,1.46,35,4.89,95.38,142.37,17.46,23.99,1
YF00S6U_C1g,77.87,2336,120.31,80.77,99.55,15.57,18.77,15
YHJzSbLiQNs,95.5,2865,245.19,71.67,91.01,12.9,17.48,30
YL7zhpxyovo,2.0,20,4.5,35.4,45.97,7.1,7.96,0
YNtnP-j3DA8,90.63,2719,241.79,124.67,245.35,22.73,45.39,64
YPo5yrry6nw,2.0,14,2.38,128.14,89.96,25.86,17.92,0
YRMKUbUOZiY,0.5,10,0.95,80.3,76.46,14.15,12.32,1
YT7tQzmGRLA,173.43,5203,457.42,209.3,523.59,36.4,88.97,56
YUBm9fS54SU,44.37,1331,106.47,88.87,105.92,16.5,19.85,19
Yf3kYUmMLgw,23.6,708,81.06,96.77,136.3,16.57,20.84,16
YuCRDlEFaw4,64.3,1929,121.89,167.93,158.31,31.03,28.86,35
Z-xazrZnY8A,5.93,178,16.1,148.73,86.47,27.23,15.66,1
Z-zNHHpXoMM,709.53,21286,1937.05,57.83,61.56,10.27,9.9,140
Z6Jvq1kCnIg,1.58,19,2.15,74.25,116.05,14.5,23.17,2
Z8Xcf_v3kJQ,2.5,75,4.38,83.87,102.77,15.33,17.89,7
ZD90JQjL5j0,12.73,382,27.1,162.4,109.27,29.6,19.95,2
ZIelHDxW_Xc,16.67,500,36.31,137.93,207.71,24.63,36.12,6
ZJto0cpF3XU,345.53,10366,790.28,61.57,66.51,11.1,12.35,62
ZQpSCgTnEeI,88.17,2645,169.73,203.6,275.48,38.9,50.26,53
ZX9hINdSXes,4.4,44,5.89,206.8,313.36,38.6,57.19,3
ZaCNnliEW9A,47.57,1427,152.11,142.6,110.46,24.93,19.24,37
ZazwqwjDY6M,106.93,3208,257.98,168.3,195.27,29.73,34.37,43
Ze4ifhPPAQ8,79.67,2390,197.35,149.4,150.88,26.97,26.61,33
ZhJ6GpkjK4s,63.87,1916,210.5,85.63,90.07,15.77,16.76,21
Zi5gD9Mh29A,23.33,700,59.31,123.63,105.65,22.0,19.64,17
ZijqVV1NqYQ,1002.57,30077,2264.07,78.43,92.59,14.33,16.95,231
Zo5cf_CgR6M,68.97,2069,137.34,98.47,78.24,17.57,14.43,23
ZsT4DZDMqWI,0.0,0,0.0,26.75,22.6,5.75,4.79,0
ZsXUHdAN97o,24.07,722,70.61,69.97,76.59,12.73,14.25,12
ZuarurfP4BA,3.83,115,8.84,121.33,99.7,22.83,19.39,3
Zz59q8wHECk,76.97,2309,186.26,326.07,931.31,57.13,173.66,32
_5nw6gLRe34,28.77,863,53.46,117.53,88.74,22.6,16.86,34
_9gYVZuOkts,4.37,131,10.79,73.4,61.91,14.77,13.14,4
_D_C2-2FZ5w,40.17,1205,94.75,144.9,226.24,24.9,36.92,17
_I4n6sP4h-M,1.33,24,3.25,45.17,62.82,8.39,10.89,3
_K7P-XF1k94,2.14,30,5.83,76.64,87.04,14.5,15.71,3
_KuUXz5gjgw,26.03,781,77.2,175.83,218.83,29.7,38.3,12
_NJWXVSs65c,82.0,2460,155.89,124.9,105.97,22.63,20.25,18
_jSbuDftmcc,83.7,2511,186.98,64.9,58.06,11.67,10.27,24
_kml-YupBag,2.77,61,4.92,132.0,160.19,24.14,27.86,2
_nCrGZjquzk,1.42,17,2.07,40.17,46.99,8.58,9.13,0
_sothj2aipE,76.4,2292,192.71,131.83,99.64,23.53,17.71,40
a3qVXVE_bYQ,154.1,4623,344.13,46.27,42.78,8.1,7.59,32
a46eYoUpVBM,35.97,1079,110.23,197.33,179.78,37.0,35.52,90
a4jzps-zPlo,5.6,168,16.27,65.2,82.78,12.3,16.13,5
a7OrIs-C8-c,1.44,36,2.81,50.44,54.77,9.68,9.36,4
aFVl1XCUKXs,3.5,14,4.73,107.25,101.21,21.75,21.25,2
aLCtABHraoQ,3.0,15,4.8,73.8,39.56,14.0,6.86,1
aU-8BbPRqbo,40.87,1226,128.57,156.33,177.17,28.53,32.91,67
aWpd9JYyNEs,1.03,31,2.03,111.47,107.98,20.1,18.21,4
aYs7b3mWDF0,1.21,23,2.62,64.05,76.37,12.47,14.77,0
acBJsjCqgtM,201.57,6047,754.6,80.9,88.48,13.97,14.02,118
ae9qy-7lBmo,11.63,349,20.47,293.3,202.67,52.17,35.32,13
afqX-TiMN9M,3.79,110,7.13,151.21,223.04,27.14,38.04,6
agK0hj2ZhuQ,46.5,1395,129.75,348.43,484.83,60.1,78.42,39
akoe4kn00xw,9.17,211,19.19,46.83,44.25,8.26,6.56,11
alLf0hN5JsQ,316.87,9506,1129.57,129.93,97.39,22.67,17.26,72
aofW3iAjODY,1.0,17,1.46,86.65,114.66,16.24,20.27,4
apUfuncht_4,58.33,1750,128.64,129.1,105.74,22.8,18.32,32
avih_knbVjA,4.2,63,5.75,64.13,40.34,12.2,7.91,8
awnn-bqV_Tw,92.83,2785,235.76,123.93,165.23,22.27,30.47,59
b2lBUkZV4Xs,4.06,65,11.52,92.12,86.83,15.06,14.56,7
b7o09a7t4RA,473.83,14215,1315.99,73.77,67.05,13.43,11.57,60
bEUZTZ6kBBs,2.7,27,3.43,56.7,38.92,12.1,8.23,0
bH4RKOqAe-w,43.93,1318,132.39,105.9,94.09,19.3,16.79,39
bXLZ8I7s8tw,67.93,2038,190.64,116.33,90.79,20.63,15.07,37
b_VPkTYmI_g,211.07,6332,597.16,293.6,552.45,54.67,104.2,119
bfk80hDfLXU,26.13,784,62.36,110.87,88.49,19.97,15.93,12
bg242QzbfNc,17.8,534,45.54,205.93,481.56,37.0,85.02,7
bjCDZWE-VHo,244.83,7345,613.0,130.53,166.94,23.8,30.62,91
bobphaq2dYA,12.9,387,37.34,127.07,76.14,23.13,13.58,0
bpikCLhpIRY,94.6,2838,264.29,107.57,135.48,18.97,22.09,70
bvTkOIkiYu0,2.03,61,5.03,136.43,114.71,25.23,21.11,2
bxN35AD2VCM,2.37,71,6.39,57.3,41.55,10.5,7.73,12
bxxyPoQthsU,3.67,77,7.09,159.24,187.6,28.95,34.66,7
c2xCh0d5YS0,1.83,22,3.41,86.92,160.93,16.58,29.98,0
c4HYn5UvNik,3.07,92,5.56,88.03,91.8,16.17,16.93,8
c5o1I7S7_Iw,2.86,83,5.61,54.55,52.95,10.52,10.19,11
cGWBXeNC_JU,8.78,79,17.98,91.89,92.53,16.89,16.25,7
cMTNtVCijuE,2.41,70,7.63,87.17,80.91,16.03,15.02,7
cNCw0ovtolQ,4.63,139,13.82,203.3,219.76,38.17,42.37,3
cTH824WnA3U,21.6,648,48.93,124.2,102.47,22.93,19.72,11
cYyIpzlkq7E,273.67,8210,684.77,67.1,75.64,12.1,14.67,64
c_DOG_mXz5w,69.8,2094,162.56,147.47,181.34,27.13,31.56,75
cgmcC0UDlR4,1.87,56,4.07,94.43,80.07,17.5,14.32,4
cjPWFTtn5wM,93.9,2817,216.39,311.73,338.62,52.47,57.69,57
cn8erxA7DHI,5.7,171,7.72,107.67,104.23,19.4,18.73,4
comn5IcqvSY,18.17,545,59.43,107.07,91.94,20.3,17.71,34
cqyHd3lR7C8,14.57,437,38.2,101.77,88.14,18.47,15.87,12
crlmayHPkw4,6.24,156,9.88,226.44,331.35,41.68,62.46,14
cs7TCNDQy1E,224.03,6721,541.59,61.23,49.49,11.13,8.59,87
d-bbJUQ_Vro,77.4,2322,174.95,113.63,154.04,21.03,28.79,58
d2JPEDpMiw8,29.6,888,77.53,132.93,123.9,23.93,22.61,44
d2sMEE1NrFc,3.8,114,7.56,69.53,79.35,13.4,15.02,9
d5EUzuV9IjU,117.47,3524,336.79,88.9,100.65,14.93,17.3,41
dDfk8Uoyz60,1.94,31,3.53,64.69,95.83,11.44,14.6,2
dE-wvWdM6jY,204.5,6135,482.18,114.43,105.38,20.33,19.2,81
dIqdSDNHT3I,24.33,730,63.92,80.47,65.36,14.23,11.15,14
dPOX5SxcWUo,16.5,495,36.61,99.1,66.79,17.73,11.39,10
dS1-617dK04,2.8,14,2.95,53.4,34.08,9.8,6.06,0
dSbb1NNEIu8,3.77,49,6.34,81.15,106.8,13.85,20.19,4
dbN2Zvn0npw,79.63,2389,177.57,96.03,138.02,17.27,25.11,40
dlHVOkx403E,1.95,41,4.74,233.24,288.6,42.71,55.21,3
dlKBmzQbiyU,422.5,12675,1201.35,101.73,133.68,18.87,26.36,74
dsS2wg2Y39c,349.83,10495,1060.33,78.77,83.85,14.17,15.76,68
dtxU2z0Q1TA,6.83,205,23.61,77.1,62.32,14.4,11.65,7
dx2XP_Oo6do,47.13,1414,161.17,118.77,98.6,20.77,16.96,29
dxRmw5ZumU0,30.73,922,82.77,96.23,134.3,17.1,24.05,17
e05DfV1Wyv0,0.9,26,1.37,77.52,73.92,14.69,13.64,7
e108RLHXi6E,135.23,4057,491.11,104.53,113.27,18.43,20.33,60
e4yXab6Zc9A,23.0,690,71.38,120.97,109.69,22.73,21.44,22
eBVlVfAMtWc,14.8,444,25.82,176.23,211.95,32.33,38.51,21
eENUPfSvuuE,108.87,3266,303.42,79.0,79.43,13.67,14.2,83
eFij9KekdVc,174.73,5242,451.8,122.03,80.05,21.63,14.37,27
eGXbCUXAKYs,160.1,4803,423.35,75.9,104.86,14.13,20.71,99
eGdn6FTIF5I,76.77,2303,200.54,208.1,409.79,37.2,73.22,26
eIs1u5MAel4,4.33,39,5.83,101.11,103.26,19.89,19.2,2
eJgcxYMhdoU,9.17,275,19.18,178.3,189.38,31.17,30.47,7
eOamw4SB5T8,2.95,65,4.17,63.14,91.3,11.59,17.57,3
eTFO8CCcjfk,2.93,44,5.26,114.73,137.87,22.0,26.93,5
eUIw9TZBIV8,12.2,366,28.87,106.7,92.77,19.2,16.68,15
eWEsR61WeCo,5.47,164,9.16,51.23,52.49,9.4,10.47,4
ecKHOHmPq1g,3.47,52,4.12,80.4,112.34,14.33,18.79,1
elAFB0HSBgo,38.53,1156,108.83,225.87,154.51,40.47,28.56,23
en0DSEsL-Ho,2.6,26,5.17,60.7,89.73,10.9,16.08,1
epF2SYpWtos,89.77,2693,194.89,112.73,147.25,21.1,28.02,62
f6_14nLUWOs,3.8,95,10.51,204.04,197.15,39.48,37.95,5
f7Lfukf0IKY,25.13,754,45.56,128.83,94.39,24.6,18.18,16
f8BqU9wUbP0,5.67,170,14.82,68.87,86.07,12.1,14.07,8
fBTi1zuQAIQ,81.1,2433,216.07,104.4,110.13,18.87,20.35,24
fBXnxlLR0PY,380.6,11418,876.77,154.8,218.72,27.27,37.57,69
fDbxPVn02VU,934.27,28028,3030.0,86.0,111.36,14.97,19.35,112
fDm1KLlQ4wM,128.03,3841,513.9,138.73,154.58,23.97,27.65,29
fKNiV9UHPPo,311.47,9344,832.67,110.0,144.66,18.63,22.86,69
fMir7L1oauQ,2.96,83,9.7,67.25,71.8,12.36,13.63,6
fVkc5hr_FhA,18.5,555,41.48,87.7,90.35,16.4,16.02,18
f_3IrUKQAQ8,3.67,44,5.28,110.92,84.61,19.25,13.76,3
fpDRfTRIQKE,2.67,24,4.66,31.22,33.39,5.89,6.01,0
fqrlnya9qN8,4.46,58,9.01,75.38,99.26,14.85,19.59,10
fsL6q-yij8I,31.37,941,83.77,233.6,257.58,39.97,41.35,15
g4ukmp-hn8Y,1.64,23,1.91,58.71,36.63,11.57,6.88,2
g8xM_hYEjU8,3.64,40,6.25,85.73,93.41,14.73,14.6,4
g9MlNSD8oaE,538.2,16146,2306.83,75.37,57.78,13.27,10.79,90
gC21pHr7Gl0,1.06,18,1.43,100.76,122.94,18.88,24.33,2
gE50m_-tL6s,2.0,20,3.13,86.0,51.96,16.3,10.11,2
gEv8eAjdB2w,16.2,486,38.34,60.63,45.28,11.9,8.85,8
gFQNPmLKj1k,127.67,3830,288.44,154.6,117.17,27.67,20.84,71
gGZ3uO2p5qY,161.4,4842,379.57,68.63,66.26,12.47,12.21,33
gHhmrEBZmLk,8.13,244,27.15,61.17,46.56,11.27,8.65,1
gIFSSmCkFEw,88.27,2648,234.59,134.7,124.83,22.6,22.54,83
gOyZTD1UP60,30.0,900,74.65,73.8,72.48,13.43,13.03,195
gP-C_utcBdY,1.97,59,3.26,87.1,88.79,15.87,15.83,6
gWFCy-pWeDo,141.4,4242,334.86,65.0,110.4,11.87,19.18,37
gY8MWe0CGqc,5.93,89,10.77,60.8,65.86,9.73,8.15,1
gcGquCZxsJc,89.63,2689,264.56,109.83,177.8,19.53,31.85,87
gerkxmXAhdI,47.73,1432,108.69,88.47,113.28,14.73,20.23,39
gl10e0Dn_7c,7.45,216,23.79,142.07,118.71,26.21,22.37,21
gpEzAnz5h2U,15.8,474,34.52,175.63,134.1,30.8,22.07,17
gtRqbbiWU30,55.0,1650,158.72,119.63,119.15,21.87,20.56,43
gtXHePXjVlE,36.8,1104,95.56,98.67,80.49,18.13,14.93,19
h-mxesCotgs,553.13,16594,1849.49,68.87,95.48,11.93,16.25,157
h-q8SnKN4p0,3.43,48,6.22,53.29,51.63,10.43,10.02,1
hBEKGBLAB80,44.6,1338,116.77,135.53,201.32,23.77,36.76,28
hFBguRaBnVs,3.09,34,4.23,100.09,126.28,19.64,23.95,0
hI43prriJNQ,109.53,3286,340.75,92.83,87.99,16.13,14.47,19
hIDDk_aDflI,44.73,1342,110.75,123.63,109.57,22.53,20.25,28
hJZ5v7dpKKM,56.57,1697,142.42,112.47,135.12,18.7,21.77,38
hOoka6WN0L0,4.0,52,5.21,36.54,35.51,6.85,6.4,2
hRx1ShvWWeI,426.27,12788,883.54,49.8,48.68,9.53,8.82,45
hXP5fUfBGQQ,45.5,1365,115.0,176.83,205.99,32.67,38.21,35
hXkiAfjFtgU,122.47,3674,205.48,234.97,213.54,34.1,28.74,85
hY9CuX6Hwl4,3.38,81,11.55,50.71,51.61,8.42,8.21,4
h_vEA7SWEzs,11.17,335,28.3,101.77,95.79,18.7,17.82,4
hcz1Q4gweYQ,20.23,607,29.06,185.4,221.39,33.8,41.41,26
hdabng2B9vU,125.63,3769,384.15,58.63,41.96,10.6,7.65,13
heN8Zo8f45I,5.57,128,15.57,69.52,62.47,12.3,11.43,10
hly9Ekte8zY,4.33,130,7.2,173.9,217.05,31.47,38.8,8
hoGIdhIsdoU,6.43,180,14.45,64.43,53.43,11.5,7.5,6
hqy6W2R2R-Q,1.5,9,1.76,80.67,64.51,14.67,11.04,1
hv1gOEY3cs4,273.33,8200,646.65,167.83,392.01,31.23,73.09,93
i2Fm4hyZTMc,82.1,2463,166.16,84.17,67.04,16.1,12.6,18
i4CbZXViVTA,74.0,2220,164.52,112.07,184.76,19.9,31.45,45
i5rt8-YxfU8,2.38,38,5.48,122.19,165.32,22.25,30.23,5
i6jjc9tfwt8,50.8,1524,84.15,142.87,127.21,25.93,23.07,74
i6r2r2JYWYY,3.8,114,11.57,125.1,154.94,23.37,29.47,8
i7awefFU_Hg,21.8,654,48.33,170.73,204.81,31.33,36.56,10
iBM0PToZ2VM,12.7,381,43.45,177.67,129.89,33.7,26.19,11
iGeDiXtJTRs,23.47,704,37.89,150.97,226.3,26.03,35.84,23
iIdqPeI-Po0,6.85,185,9.26,63.74,47.06,12.11,8.65,11
iIyDJK_SAjs,192.5,5775,486.44,153.37,221.69,27.97,41.02,53
iNI-1Vy6WM4,100.83,3025,282.37,107.2,167.85,19.73,30.92,58
iONDebHX9qk,377.8,11334,1480.05,57.47,82.1,9.4,13.78,104
iQJuv7tmAJQ,1.5,18,2.2,79.83,81.34,15.5,15.46,1
ii6V_-svh28,35.57,1067,75.34,150.87,118.49,27.03,21.06,2
ij1IKwE2MgM,6.63,199,12.1,64.07,49.71,12.73,9.4,4
ijOuQh_ZRcU,41.67,1250,87.16,160.6,247.31,29.57,44.78,21
iuHuxX22OOQ,62.43,1873,152.79,101.13,78.15,18.33,14.77,47
iw425d9irZ4,66.7,2001,165.37,77.47,61.52,13.7,11.32,22
j1FSDHfQaq8,3.89,70,8.32,34.11,26.61,6.67,5.17,2
j2nlqXd4duY,21.27,638,52.96,48.1,26.99,8.47,4.66,9
jAPPP7SE824,8.6,258,29.4,75.0,156.55,14.37,31.9,64
jAV21UB_AqQ,2.47,74,5.91,102.6,127.39,19.47,22.83,2
jFACcujmdE4,51.6,1548,133.54,130.1,106.5,23.77,19.94,15
jFlYIwM_Rco,7.17,215,29.72,164.37,162.18,29.5,29.27,1
jP1uwBcpUeE,5.4,162,8.35,166.8,167.19,30.53,29.4,8
jPlRjI63qKA,64.83,1945,151.56,119.2,160.43,21.07,29.24,55
jQQvmKGligQ,2.12,17,2.1,61.12,48.4,10.88,9.25,1
jb2s_FHBgt0,1.53,46,3.58,84.7,71.54,15.77,13.03,0
jcSYlmIOOBg,76.73,2302,205.08,74.07,49.48,13.0,8.82,28
jeSkdpQQtz4,53.27,1598,131.65,92.53,122.89,16.3,21.29,42
jritw4L1A_4,0.5,3,0.84,106.17,118.01,20.33,22.71,0
jtwNXaU_Efs,35.4,1062,103.74,63.5,50.73,11.97,9.43,12
k0WvM8ZezVU,3.79,53,7.09,113.14,109.7,22.07,22.11,1
k0mt4IbpVl4,53.6,1608,113.6,635.4,1030.4,116.8,193.18,33
k41Mq8-Axzk,40.93,1228,125.59,106.03,90.86,18.9,16.76,16
k5-QN35AJq0,30.87,926,48.8,179.13,221.85,31.77,38.22,13
k5A26Sc63F0,401.5,12045,1006.25,105.9,147.33,14.9,15.65,66
kM0ZADKIXU8,586.93,17608,2120.62,123.5,169.24,21.57,29.54,121
kQA27U_K_UE,34.67,1040,86.81,173.87,222.44,32.1,41.26,27
kWlpq7ymUs4,6.8,204,20.42,59.5,62.19,10.73,11.12,10
kX0sHQfjETY,21.03,631,40.94,158.3,147.05,29.53,28.82,7
kZtUOrxw9FU,1.0,9,1.22,79.22,103.12,14.22,20.69,4
k_K9MbqNhA0,46.23,1387,95.04,114.57,87.26,20.33,14.22,20
kew5A3hGsA4,2.29,55,5.44,132.08,160.91,24.88,31.19,13
kfxiIG8ZD9g,9.93,298,20.98,229.7,285.03,41.83,50.14,20
khQomXNzhkE,23.23,697,86.34,94.17,140.97,17.67,25.37,14
klNcDXObWj0,1.67,25,2.74,64.67,48.99,12.2,9.5,0
knPdMQ44jKc,69.33,2080,134.37,183.7,186.77,33.4,33.68,15
ko8tl0657yI,3.85,100,9.08,65.12,61.53,11.58,10.53,6
koeyouLqy3M,0.67,4,0.82,65.67,55.94,12.83,10.87,0
kxBs0Vr1aJ0,48.7,1461,118.4,382.27,855.26,71.13,159.75,59
kyja7LEyffM,4.43,133,10.86,91.37,83.75,16.37,14.94,12
kzAuvOr-YsM,98.03,2941,241.25,93.23,120.49,17.0,23.83,35
l-0FD5NDWLU,17.63,529,28.44,258.87,547.44,44.63,87.71,8
l2DeCc0GkBg,63.63,1909,159.64,116.1,105.63,21.67,19.23,18
l3hOrfLuxU0,127.73,3832,348.11,131.23,239.11,23.47,40.03,25
l5nr-SnRsK8,58.73,1762,148.24,127.07,88.37,22.27,16.27,57
l6BoSORXCUg,105.87,3176,295.79,162.73,176.89,29.6,31.17,35
lCrMAtbBUJA,68.77,2063,187.93,81.2,85.73,14.97,15.87,54
lFAm7HZ8gTg,10.77,323,35.9,193.7,151.34,35.23,26.25,6
lJ6n52Lsjfo,33.83,1015,76.45,119.73,134.26,22.8,26.72,22
lKYBB-Uw1IM,79.13,2374,192.73,127.9,114.07,23.2,21.04,17
lMsCUWL-VpE,5.4,162,11.98,97.17,120.85,17.83,22.25,8
lNdOtlpmH5U,273.4,8202,1123.33,181.23,110.55,31.03,19.19,119
lhpY1frNqdA,335.37,10061,964.95,90.6,109.37,15.57,18.69,86
lmCaQxk4b8c,38.3,1149,81.07,270.87,639.69,45.0,105.35,28
lpkC5h-5Pmk,8.77,263,18.07,70.2,53.69,12.93,9.62,17
lqHxGRzGZMg,1.86,13,2.67,62.0,28.58,10.0,4.16,3
lrZQz2O91JY,1.8,27,3.23,75.4,65.64,14.67,12.12,2
m5zulBuEG_0,1.2,6,1.1,136.0,136.78,27.0,26.37,0
mBTPvvgRICQ,93.43,2803,238.72,184.1,109.54,30.13,17.43,42
mCV9KJiTQps,68.73,2062,116.83,89.17,78.53,16.53,14.54,16
mCjjHgLzdN8,1.64,18,2.34,85.27,66.43,15.0,10.92,0
mIG9-zUHJR0,1.44,13,1.59,78.44,67.23,16.33,13.78,2
mSTWHQ5NDIg,186.2,5586,465.96,88.87,128.17,16.87,25.97,53
mUvq1vmpE70,7.0,105,15.52,74.4,62.57,12.27,9.97,7
mVR_nLBeS24,95.43,2863,224.31,256.57,368.56,48.63,71.52,69
mWEbD-cH8XA,0.44,4,0.88,71.0,59.94,13.0,10.81,3
mWOE1zjr1S4,65.93,1978,175.8,91.27,152.87,17.2,29.19,25
mWQTgSt7GeU,109.1,3273,234.52,100.93,125.94,18.13,22.97,44
mZOVLrLXKCE,217.5,6525,538.76,100.57,140.09,19.33,26.63,43
m_Rz7mY8Lyc,18.47,554,46.52,87.27,94.72,16.03,17.38,23
mcitELserqk,567.87,17036,1727.78,79.03,82.35,14.03,14.5,134
meMJdfytNI0,91.77,2753,249.75,78.57,102.71,13.07,17.41,247
mjZpMgzs3qY,2.38,31,4.57,54.77,60.38,10.08,9.98,1
mk2nA76CUP0,30.43,913,64.07,146.77,155.74,27.2,29.17,11
mlXGxBMKj0U,15.23,457,54.51,55.07,58.6,10.4,10.97,11
mvkOjh65tI8,1.7,51,4.57,95.97,113.8,17.97,20.35,2
mwGFRi4kLRQ,6.64,166,10.7,98.76,98.61,18.4,17.23,10
n2czIPRE0Nc,45.57,1367,140.14,151.47,167.66,26.93,30.39,20
nAXY89s0t4E,15.33,460,31.51,150.13,173.17,27.6,32.27,14
nG86wod3GGc,2.56,23,6.19,64.22,45.58,12.56,8.97,2
nIv1J5O15To,115.17,3455,229.6,306.3,714.63,55.87,133.6,35
nQTH4OBc8qI,4.53,86,10.66,78.05,99.88,15.21,19.58,1
nQggHK36gK8,243.17,7295,935.39,162.27,189.3,31.07,36.39,72
nQyuCT_zzok,9.8,294,20.4,126.83,114.44,21.2,18.99,6
nTookJPZiTU,1.8,18,3.39,45.4,29.2,8.9,5.7,1
ngWZaSbw130,24.73,742,50.37,235.0,223.36,41.67,40.73,28
nk_Pfxmqn6g,220.53,6616,581.98,70.1,81.6,12.47,15.87,85
nl8LQrbMdqQ,585.5,17565,1394.68,46.03,30.8,8.73,5.13,115
nn7TPSNOef0,17.93,538,33.38,126.33,108.01,23.43,19.57,5
npkwUeQYGj8,26.0,780,48.28,223.67,252.24,40.13,45.62,12
nr-b8nnihwY,2.0,6,0.0,26.67,39.26,5.67,7.23,0
nsUL3sRh6Ek,91.87,2756,198.74,56.43,46.49,10.73,8.26,37
nx8wnXdEYG8,0.67,4,0.82,79.17,65.58,15.33,11.78,0
o1dFc2oVkPQ,32.87,986,115.46,77.73,58.89,14.63,10.36,14
o4qiwWFdZ_U,102.3,3069,257.97,60.0,66.87,11.2,11.88,38
o6YxGbQU65Q,3.52,74,6.8,28.43,34.75,5.38,5.29,5
oCp3aWlPumE,0.89,8,1.69,42.89,26.72,7.89,4.26,2
oDlKxzzNOPI,27.9,837,73.78,119.0,172.79,21.93,32.11,17
oFBdXVnGgx0,3.75,60,6.04,70.44,54.01,12.94,10.04,1
oFRdwK57dYY,42.47,1274,101.59,122.67,214.16,21.5,38.48,25
oHjMygB8y4k,2.0,18,1.12,89.56,57.76,18.22,11.69,1
oZQpi0IiNRE,2.45,49,7.01,105.45,105.67,19.65,20.76,6
o_F82o-0IoY,1.22,11,1.09,48.56,33.52,9.33,7.18,0
oiVQsL7RDz8,1.75,28,2.46,172.19,246.53,30.94,45.02,2
ombpvrlglfU,43.63,1309,134.26,175.47,175.36,31.43,32.76,14
otxGkoE8AZM,6.67,200,10.16,92.2,204.31,16.37,35.05,10
oxW5ezFPElU,14.73,442,39.95,69.73,61.06,12.97,11.24,11
ozWseKZV6Ac,41.13,1234,126.52,154.03,185.97,28.3,34.5,21
ozboOgVAT1o,1.4,14,2.84,51.6,54.32,10.4,10.86,0
pGFUW8AGrnQ,0.83,20,1.66,121.33,194.42,21.79,32.87,1
pL3lCNCffgg,235.8,7074,606.37,134.33,134.16,24.93,24.48,140
pN-QzM_pflM,11.73,352,27.24,113.17,130.57,21.03,23.54,8
pNMBZHoNBWg,59.53,1786,168.1,108.07,79.73,18.57,14.1,20
pNcTkGQOKO8,7.57,227,18.87,64.73,55.37,11.73,9.21,6
pPKJ_Pk9zZs,86.23,2587,172.02,270.53,350.36,48.33,61.71,37
pSCbhBTaugk,2.46,59,5.44,63.29,62.84,12.38,10.75,7
pTIGIhGSrso,285.7,8571,900.9,88.5,85.27,15.37,16.14,95
pUmuBfkqBY0,264.3,7929,663.85,107.47,129.36,20.2,25.25,68
pVg2WvEtEWQ,70.1,2103,187.83,83.3,140.61,15.57,26.13,34
pXtJYwhsdkU,108.8,3264,280.63,117.87,115.42,21.03,21.4,42
pY12uaPpz7k,3.33,100,11.79,48.17,45.46,9.3,8.78,1
pZxdnjj4kvk,4.14,116,11.27,61.79,45.08,11.61,8.02,6
pcvcKIHGtGs,61.43,1843,163.16,107.13,92.32,17.43,16.1,82
piUicyb_F1A,47.03,1411,140.06,100.6,104.03,18.37,19.52,20
poc4ctbnDYA,83.87,2516,214.57,137.5,245.71,23.03,40.39,61
pqUxibdbv38,223.43,6703,567.11,71.37,97.81,12.7,16.31,121
pxAeLaGGjgg,0.5,2,1.0,62.25,26.99,12.0,4.24,0
pzDSMirut2k,81.23,2437,278.53,45.23,50.47,8.13,7.83,5
q2lBRhswDh8,5.43,163,9.7,119.07,113.44,21.97,21.39,4
q4Bc93Itq-c,7.43,104,20.2,123.29,121.64,22.5,21.74,1
q58SMId-_Ko,83.27,2498,197.61,221.5,437.98,41.57,86.73,29
q9nYIa8b-6c,54.67,1640,160.01,174.5,172.16,29.43,29.72,46
qC4O34DJI2o,1.17,21,2.15,126.0,216.04,22.89,38.33,5
qCHHdTLKoQ4,0.6,9,1.55,64.2,72.65,11.87,12.6,5
qDFdALGJ4dA,57.1,1713,126.65,161.27,129.82,29.07,23.32,42
qIvoVXVpi1Q,10.83,325,33.47,137.1,108.03,25.97,20.83,6
qSWAFAmzJTE,127.87,3836,262.46,125.43,329.46,22.87,60.51,33
qWMK16uYQbU,42.57,1277,100.1,88.3,83.15,15.77,14.28,22
qahZf8qF0Xo,2.12,34,3.28,151.88,185.59,28.56,34.09,2
qc4GU_wHdqw,67.6,2028,229.07,136.67,123.0,22.3,19.98,25
qcvvZElS088,3.47,104,7.27,119.4,187.31,21.4,30.93,11
qfeQt02cg6I,41.5,1245,81.23,119.9,111.39,21.0,19.31,43
qffXR9nRO90,70.23,2107,195.83,47.5,44.49,8.93,8.63,50
qh75NllzOlU,6.67,200,10.71,245.33,215.92,46.17,41.18,19
qjI3BY-8LjY,3.12,25,6.96,27.25,17.24,4.38,2.77,1
qlf9-573MhI,490.2,14706,1191.21,124.07,141.23,22.47,26.01,186
qr2ZGqtJXvg,1.27,19,2.4,65.33,66.31,12.6,12.93,0
qr5tDPJee5Q,3.35,57,8.18,97.0,104.26,17.88,18.77,1
qrzGLvLEe4w,4.27,128,11.34,123.57,142.57,23.03,27.14,10
qwywV8VhMkA,485.5,14565,1116.16,98.47,189.97,18.33,34.56,73
r1CPFmuTi3g,1.1,11,1.37,37.3,40.67,7.2,7.47,0
r4MbCNHcYTo,2.04,51,6.68,80.44,114.61,15.0,21.11,3
r81St-SLdys,1.33,16,2.06,92.83,56.1,17.42,10.97,5
r8I4eVoEiQQ,4.23,127,10.45,129.6,138.9,23.83,24.95,5
rAaMMjf7mzw,8.6,258,20.29,68.8,90.83,12.77,16.04,10
rApxWtDIRAM,104.47,3134,235.9,115.67,85.35,21.27,15.92,23
rBp73KG1Ej0,15.17,455,36.23,93.27,63.16,16.93,11.61,11
rEINNYczPtU,120.4,3612,264.11,126.17,187.55,23.63,36.35,27
rP9gZVTFquM,4.0,92,9.53,97.52,82.21,18.04,14.93,3
r_uKCIqf1Fg,25.9,777,80.62,73.2,76.24,12.93,13.13,20
rd206umLpk8,11.3,339,43.3,94.63,66.3,16.57,12.07,7
re4Cjf_qqLA,64.07,1922,127.07,246.47,362.27,46.1,64.65,22
reazJx4INyM,37.47,1124,92.39,60.47,48.95,11.8,10.35,11
rg3159C3TW4,2.15,28,4.34,58.69,37.4,10.85,6.94,0
rjcejdY_iNU,10.97,329,19.23,167.53,159.35,29.47,28.66,10
rkRN_Z2UKGg,74.4,2232,219.67,71.4,64.18,13.6,11.89,28
rkYackmjl5U,5.88,47,8.61,57.0,47.11,11.62,9.04,0
rs2BRk-RMJA,1.58,19,4.01,119.33,109.57,22.58,20.47,3
rvuXtQILJcM,5.8,58,8.47,71.4,47.94,13.4,8.87,1
s3vVUq2520U,136.33,4090,322.89,187.6,420.2,34.2,76.77,50
s5nrAKLZgMM,203.1,6093,525.35,55.03,50.72,10.37,9.28,95
s6NR6YQcxyA,2.73,60,2.8,76.18,58.14,14.82,10.93,4
s8qBH35r374,2.5,60,3.56,107.12,124.82,19.21,22.45,8
sBba4MGPc2U,372.27,11168,1335.28,86.3,100.9,16.23,18.73,73
sDFe-OJmVXc,1.27,14,2.94,73.27,57.53,14.27,11.57,2
sFP-QelRmlM,2.67,40,5.11,103.2,128.16,18.4,21.74,5
sHGRbM2txoI,9.77,293,20.55,128.7,145.61,22.17,24.72,15
sJeWfYLawaQ,209.67,6290,482.53,64.7,55.72,12.0,10.16,132
sL5XWO2Z-yw,10.87,326,19.98,139.37,125.82,24.33,21.56,5
sLP4OwS7yoA,1.44,26,2.83,94.06,118.38,18.0,21.92,2
sMu1m57KYGI,47.63,1429,133.68,167.77,291.97,30.87,51.59,31
sV5eDJib4HE,55.3,1659,106.76,129.07,138.96,23.87,25.36,31
sXahbxP_PQc,2.23,67,3.24,99.0,148.36,18.17,26.52,7
sYaSJpIGzu8,55.3,1659,120.97,169.7,236.31,31.2,43.73,77
safNI7BcYZ8,1.38,11,1.85,75.62,71.0,14.0,12.71,0
sbmOqiE_lus,2.47,47,5.25,63.26,105.72,11.89,19.78,0
scy3I-i7H-M,52.6,1578,103.67,141.93,150.07,26.0,26.89,19
sdhmijg7oRY,90.13,2704,294.82,110.1,108.7,19.53,19.46,68
se2dPdzxQ5E,1.84,35,3.42,87.47,106.17,16.16,19.55,1
seXu3jYxs0Y,31.8,954,69.93,181.53,365.68,33.43,67.42,34
sj23hsw5oqE,24.7,741,70.88,192.93,238.57,34.73,44.52,24
slZ_qQTC6fI,6.77,203,19.31,95.03,101.07,17.47,19.1,8
suOfjK35-8E,35.93,1078,86.05,121.27,152.5,21.73,25.75,34
szY6c1HcpuI,5.5,165,14.46,38.13,21.54,6.9,3.85,4
t-oxoHAUSR4,124.1,3723,222.81,117.9,202.11,22.13,36.47,67
t0VqCDP0rnQ,23.47,704,85.7,179.2,228.21,31.5,36.8,13
t0ZizPL4zXU,4.37,83,7.64,93.16,86.18,17.21,15.02,11
t5CgCfetsiE,3.67,66,4.04,77.39,59.73,14.72,11.88,2
t6GPiy7fuEQ,246.4,7392,646.28,73.43,219.03,13.4,37.22,50
tBANvzdbY_s,1.69,44,3.22,50.88,107.8,9.65,19.34,0
tH_Jriu7XkU,388.17,11645,992.96,36.33,40.95,6.97,7.43,51
tI1Gaz47vPo,0.83,10,0.94,46.92,67.29,8.42,11.16,1
tIdU4Sw6a5Y,204.53,6136,534.83,78.93,88.87,15.27,17.37,31
tJDgQv_W15s,3.57,25,4.58,44.86,24.11,8.14,4.3,0
tJtP4hicXYk,0.5,1,0.71,54.0,36.77,12.0,9.9,0
tM2iMYMpRbU,69.8,2094,164.22,83.53,91.1,15.0,16.85,74
tNst8wHB6kU,386.6,11598,1024.22,92.23,84.29,16.23,14.11,54
tQCKsyQO-lY,4.77,143,10.78,110.63,88.36,21.73,17.25,4
tQSKyvjsUuI,269.97,8099,1043.65,98.83,150.26,16.93,25.67,159
tTexU42KzsI,7.27,218,24.99,113.37,104.38,20.83,19.56,10
tU_AXrvQjpo,23.3,699,48.48,159.2,176.15,29.43,32.34,27
tUiCZMeY5LM,24.0,720,48.0,95.5,77.62,16.57,13.74,21
t_TkT07u7yU,18.9,567,56.07,198.33,191.58,37.0,37.04,1
tcRHhiKMzwM,12.81,346,33.38,88.56,77.71,14.81,11.81,77
tjjqyiHczcc,80.2,2406,214.81,150.13,169.5,26.97,30.36,43
tkHw25cS_bk,44.93,1348,80.5,156.9,127.43,28.87,23.56,11
tpB3BMlNrno,21.2,636,41.2,236.97,247.81,43.57,46.47,34
tsOtjNdMMaI,1.75,21,2.56,108.42,178.5,20.67,33.48,3
tyLu_RQWicc,5.78,133,12.02,69.78,63.97,12.7,11.51,6
u0_5VfqXfMc,2.29,55,5.93,38.25,40.82,7.21,8.09,5
u2jUmds5ZFU,201.83,6055,399.06,55.7,53.54,10.13,9.63,21
u4KXgbZ96nk,3.11,56,11.25,80.94,83.83,15.56,16.8,1
uB1x_qIHPVg,2.47,74,5.25,49.9,41.43,9.57,7.65,1
uGB2z2IZS0I,104.17,3125,218.1,146.6,220.96,25.67,37.56,60
uHncVNYcICo,1.74,47,3.28,92.41,110.1,17.89,22.64,10
uIr8G7C_zgo,55.8,1674,116.24,106.2,95.93,19.77,18.17,29
uJgv0XQOehs,81.87,2456,179.34,155.17,215.35,28.8,38.76,37
uNQUJ6ezOJ0,139.63,4189,317.66,122.0,217.67,21.7,38.94,99
uQrXLHiFszk,102.83,3085,186.14,101.97,100.3,18.7,18.24,19
uSimLIOHxTk,1.0,12,2.0,100.33,159.53,15.92,23.72,0
uWhrfeCH9Zg,9.8,294,13.95,174.73,156.29,32.6,29.82,2
uY01uhhIuzI,9.33,280,17.1,116.67,97.78,21.7,18.47,19
uYTEFWVPx_8,20.97,629,54.04,199.87,158.95,37.7,29.55,17
ukLnPbIffxE,1202.73,36082,3409.14,100.57,79.49,17.7,15.0,197
ukSniYSWIvU,8.5,255,30.46,158.13,181.58,28.7,32.72,6
unityETmypk,608.3,18249,1927.63,66.17,90.05,11.43,15.16,165
upcExv17By4,5.3,159,8.12,75.27,80.82,14.17,14.73,3
usflTKVErcg,108.63,3259,341.02,78.13,64.03,14.53,11.17,30
v6DexEerT-k,111.37,3341,322.22,52.97,50.67,8.8,8.42,31
vBqOMLd1ZQk,14.63,439,31.08,155.6,187.85,27.43,32.85,16
vMJKprNmEEg,1.67,10,2.88,106.33,116.3,21.33,22.81,2
vMvQnQ6lnEM,1.92,25,3.04,131.92,160.96,23.08,27.39,4
vPckn7g-DX8,38.8,1164,66.1,74.3,109.15,13.67,19.66,14
vQBhSZGq6ns,221.63,6649,495.26,45.2,34.16,8.73,6.47,42
vdmg-KAx9yE,1.79,25,3.75,45.64,32.29,8.93,6.04,2
vmH3seddlPE,47.1,1413,90.05,144.27,133.6,26.67,24.21,32
vqLkvrCxcqI,23.07,692,34.95,234.37,205.01,43.9,37.21,16
vuKFwdJF5wU,3.53,60,6.79,309.24,329.58,56.65,57.39,6
vuueRRdbi1w,88.33,2650,232.57,172.03,167.59,31.7,31.78,28
vvEjUAgzIa4,63.33,1900,185.11,81.53,61.46,13.67,10.84,20
vwMNJGNV0xE,292.67,8780,943.9,87.4,88.23,15.93,17.0,45
vyVpRiqOvt4,525.67,15770,1480.63,85.0,122.39,15.77,22.83,211
vz1D0geYCuU,3.2,96,9.28,102.23,97.27,18.7,17.2,1
w0zO6Jgjw6U,6.07,182,16.2,215.87,172.52,38.17,30.17,6
w47z_wz6XBA,128.73,3862,406.54,91.47,125.74,16.97,21.91,55
wCwMNybfTRA,27.3,819,78.53,40.77,31.78,7.43,5.17,17
wD9hMYbijDA,226.17,6785,533.7,113.93,99.84,21.03,18.61,63
wJ-suqzHP20,25.53,766,58.46,241.53,551.16,43.97,100.9,12
wNTB5C4DnNQ,16.33,490,44.78,180.8,322.7,32.63,58.66,19
wTbKYgUzHkA,14.93,448,49.76,100.83,94.54,18.37,17.2,5
wU3Vgky_ycw,15.9,477,33.78,301.0,436.21,54.53,75.39,18
w_XIJOlklrs,17.6,528,36.88,132.27,135.08,24.67,25.33,26
waIcKo6Fi_w,3.5,105,11.43,53.13,52.29,9.97,9.47,4
waR3xBDHMqw,876.2,26286,2273.34,75.63,94.84,13.87,17.54,126
waz5UpXZH3o,3.83,115,6.5,49.73,64.76,9.07,10.53,3
wfbEoq634ZY,304.97,9149,1098.38,79.27,145.3,15.83,28.99,61
wiuEDpZGAw8,0.75,6,0.71,47.12,48.16,9.5,9.01,0
wjM_wX_XpnM,2.73,41,6.2,105.53,91.68,19.07,16.89,6
wlvxviP-xNg,86.27,2588,195.35,133.43,133.39,25.1,24.04,42
wmQt-QM0mbQ,235.8,7074,618.17,61.37,85.55,11.23,15.54,101
wpcVQeF07G4,334.8,10044,1040.97,59.67,78.39,10.6,12.73,61
wq4b928Q32g,2.23,29,2.45,98.15,59.63,18.85,11.88,3
wqpR9GdId0M,91.1,2733,226.5,127.77,182.92,23.77,33.49,34
wsT2bBo4XT8,22.57,677,51.63,168.07,140.37,30.7,26.82,9
wvUVQ2r1hvM,3.03,91,7.01,64.1,101.96,12.4,18.1,11
x-hGIYZj2Rw,69.77,2093,169.29,76.4,70.39,13.97,13.06,30
x40pERU0YaY,13.33,400,26.82,181.3,115.97,33.5,20.71,1
xCi1H7mFL3o,0.8,4,1.1,109.0,114.72,21.6,21.14,0
xFX-lyLU2X8,400.73,12022,935.77,74.03,80.21,13.93,15.51,98
xHFebdaObWo,64.77,1943,169.21,64.43,118.11,11.17,18.32,31
xIx2OQ6E6Mc,110.0,3300,241.59,160.93,152.85,30.87,29.58,15
xS9LPyGbM0E,11.17,335,36.79,155.93,175.85,28.67,32.69,6
xT8M90RMsYY,223.97,6719,591.26,46.87,42.95,8.23,8.49,68
xXVnz6t1aMs,154.33,4630,395.91,81.57,118.63,14.73,15.97,77
x_5poMWS-L4,730.13,21904,1564.22,86.13,90.68,16.47,17.01,144
xaqO9UfHvYE,10.4,312,23.0,90.77,83.51,16.3,15.11,6
xeHYMuAMU7U,2.78,50,4.82,88.72,83.29,16.22,15.94,0
xkiKzpuLNmw,2.56,64,4.78,90.8,95.84,16.68,18.24,0
xmKjDEvp4HY,177.47,5324,438.66,127.5,317.1,23.47,56.1,125
xxPdTjk7beo,66.87,2006,230.59,109.63,101.12,20.1,17.48,34
y1NKkWELlhQ,36.57,1097,69.61,109.57,112.65,19.97,20.03,26
yBP1VjO9RSE,483.17,14495,1732.38,63.0,68.52,11.0,11.54,151
yCR26po2Akg,87.1,2613,199.46,35.1,35.73,6.97,6.99,43
yGYh_6WdAjA,247.07,7412,649.7,124.43,115.89,23.03,20.28,57
yOC7w8kfsB4,115.33,3460,304.85,93.57,132.66,17.37,25.57,68
yQF3UWHcj3k,4.22,114,9.8,81.74,58.73,15.48,11.44,9
yQXjNQnO9EI,1.5,15,3.1,54.8,41.59,11.0,8.14,2
yXpTkzzvgSc,4.0,28,5.66,142.57,114.66,25.0,20.2,0
yfkc_KaWbsQ,3.42,65,4.17,73.58,83.24,13.84,15.49,7
yiRYn97GJhM,56.6,1698,104.09,118.4,97.53,22.0,19.04,12
yj0SdVl4FdQ,3.97,119,10.28,93.07,136.7,17.33,25.1,9
yjTC5Jbe0ac,16.53,496,46.84,141.03,147.94,25.53,27.45,7
ywiSy49yhyU,150.63,4519,352.17,118.83,150.14,20.83,26.95,70
yxF9TGhWPMc,44.4,1332,156.34,173.63,163.55,30.83,30.1,51
z2ZJiIt4pmo,28.83,865,57.09,228.53,223.02,39.6,39.13,11
z2xKvVNZgL0,1.0,18,2.47,72.78,77.93,14.0,14.48,4
z6zQpAVu-Co,5.55,111,9.78,69.6,63.55,12.65,12.31,5
zPc0j-Rzo28,184.3,5529,377.76,40.73,31.52,8.03,6.05,43
zVBHOKJgouI,56.1,1683,188.76,207.57,271.75,38.6,50.43,30
zW__u6blbEQ,56.3,1689,96.0,92.0,68.66,17.53,12.86,41
zZ45ydPJg_U,38.73,1162,138.81,212.07,414.83,34.93,59.6,28
z_0Npoa3lCQ,3.37,64,8.21,93.32,80.84,17.42,14.59,4
zbGR03h1uAU,24.27,728,82.35,68.93,68.95,12.43,12.88,8
zdR5t5wuRac,2.37,45,4.25,94.84,135.28,17.79,25.23,3
zdew7At9S2U,54.67,1640,128.42,156.83,172.63,29.87,32.51,25
zghT_p39I6w,0.69,9,1.32,92.31,123.12,17.38,23.62,4
zk8lRey9DSk,3.0,78,6.68,45.69,35.82,8.77,6.71,3
znYThp26WJo,20.67,620,45.35,70.47,61.08,13.67,11.55,14
zvmenZfiPq4,7.17,215,20.03,127.07,174.48,22.33,29.01,4
